Alaska ,Alaska Star,http://www.alaskastar.com
Alaska ,Anchorage Daily News,http://www.adn.com
Alaska ,Anchorage Press,http://www.anchoragepress.com
Alaska ,Chilkat Valley News,http://www.chilkatvalleynews.com
Alaska ,Fairbanks Daily News-Miner,http://www.news-miner.com/
Alaska ,Homer Tribune,http://www.homertribune.com
Alaska ,Juneau Empire,http://www.juneauempire.com
Alaska ,Ketchikan Daily News,http://www.ketchikandailynews.com/
Alaska ,Kodiak Daily Mirror,http://www.kodiakdailymirror.com/
Alaska ,Nome Nugget,http://www.nomenugget.net/
Alaska ,Peninsula Clarion,http://www.peninsulaclarion.com
Alaska ,Petersburg Pilot,http://www.petersburgpilot.com
Alaska ,Skagway News,http://www.skagwaynews.com
Alaska ,Wasilla Frontiersman,http://www.frontiersman.com
