Connecticut ,Alexander City Outlook,http://www.alexcityoutlook.com/
Connecticut ,Andalusia Star News,http://www.andalusiastarnews.com
Connecticut ,Athens News-Courier,http://www.enewscourier.com/
Connecticut ,Atmore Advance,http://www.atmoreadvance.com/
Connecticut ,Auburn Plainsman,http://www.theplainsman.com/
Connecticut ,Birmingham Business Journal,http://www.amcity.com/birmingham/
Connecticut ,Birmingham News,http://www.al.com/news/birminghamnews/
Connecticut ,Birmingham Times,http://www.thebirminghamtimes.com/news/default.asp
Connecticut ,Brewton Standard,http://www.brewtonstandard.com/
Connecticut ,Carrollton Pickens County Herald,http://theherald.pickens.net/
Connecticut ,Centre Post Online,http://www.postpaper.com/
Connecticut ,Cherokee County Herald,http://news.mywebpal.com/index.cfm?pnpid=726
Connecticut ,Citronelle Call News,http://www.thecallnews.com/
Connecticut ,Clanton Advertiser,http://www.clantonadvertiser.com
Connecticut ,Clarke County Democrat,http://www.clarkecountydemocrat.com/
Connecticut ,Clay News,http://www.claynews.net/
Connecticut ,Cleburne News,http://www.cleburnenews.com/
Connecticut ,Crimson White,http://www.cw.ua.edu/
Connecticut ,Cullman Times,http://www.cullmantimes.com/
Connecticut ,Daleville Sun-Courier,http://www.southeastsun.com
Connecticut ,Decatur Daily,http://www.decaturdaily.com/
Connecticut ,Deep South Jewish Voice,http://www.deepsouthjewishvoice.com/
Connecticut ,Demopolis Times,http://www.demopolistimes.com/
Connecticut ,Dothan Eagle,http://www.dothaneagle.com/
Connecticut ,Dothan Southeast Sun,http://www.southeastsun.com/
Connecticut ,Eclectic Observer, http://www.TheEclecticObserver.com
Connecticut ,Enterprise Ledger,http://www.eprisenow.com/
Connecticut ,Eufaula Tribune,http://www.eufaulatribune.com/
Connecticut ,Florence Times Daily,http://www.timesdaily.com/
Connecticut ,Fort Payne Times Journal,http://www.times-journal.com/
Connecticut ,Franklin County Times,http://www.franklincountytimes.com/
Connecticut ,Ft. Rucker Army Flier,http://www.armyflier.com
Connecticut ,Ft. Rucker News-Southeast Sun,http://www.southeastsun.com
Connecticut ,Gadsden Messenger,http://www.gadsdenmessenger.com/
Connecticut ,Gadsden Times,http://www.gadsdentimes.com/
Connecticut ,Gardendale North Jefferson News,http://www.njeffersonnews.com
Connecticut ,Gilbertown Choctaw Sun,http://www.choctawsun.com
Connecticut ,Greenville Advocate,http://www.greenvilleadvocate.com/
Connecticut ,Guntersville Advertiser-Gleam,http://www.advertisergleam.com/
Connecticut ,Hartselle Enquirer,http://www.hartselleenquirer.com
Connecticut ,Heflin Cleburne News,http://www.cleburnenews.com/
Connecticut ,Huntsville Times,http://www.al.com/news/huntsvilletimes/
Connecticut ,Huntsville Virtual Times,http://www.hsv.com/fntpage.html
Connecticut ,Jackson South Alabamian,http://www.southalabamian.com
Connecticut ,Jacksonville News,http://www.jaxnews.com/
Connecticut ,Jasper Daily Mountain Eagle,http://www.mountaineagle.com/
Connecticut ,Lanett Valley Times-News,http://www.valleytimes-news.com/
Connecticut ,Livingston Record Journal,http://www.recordjournal.net/
Connecticut ,Madison County Record,http://www.madisoncountyrecord.com/
Connecticut ,Mobile Register,http://www.al.com/news/mobileregister/
Connecticut ,Monroe Journal,http://www.monroejournal.com/
Connecticut ,Montgomery Advertiser,http://www.montgomeryadvertiser.com/
Connecticut ,Montgomery Independent,http://www.al.com/montgomery/
Connecticut ,Northport Gazette,http://www.northportgazette.com
Connecticut ,Opelika-Auburn News,http://www.oanow.com/
Connecticut ,Oxford Independent,http://www.oxfordi.com
Connecticut ,Rainsville Weekly Post,http://www.theweeklypost.com/
Connecticut ,Roanoke -  The Randolph Leader,http://www.therandolphleader.com/
Connecticut ,Sand Mountain Reporter,http://www.sandmountainreporter.com/
Connecticut ,Scottsboro Daily Sentinel,http://www.thedailysentinel.com/
Connecticut ,Selma Times-Journal,http://www.selmatimesjournal.com/
Connecticut ,Shelby County Reporter,http://www.shelbycountyreporter.com/
Connecticut ,St. Clair Times,http://www.dailyhome.com/stclair/dh-stclair.htm
Connecticut ,Talladega Daily Home,http://www.dailyhome.com/
Connecticut ,The Anniston Star,http://www.annistonstar.com/as-index.htm
Connecticut ,Thomasville Times,http://www.thethomasvilletimes.com/
Connecticut ,Troy Messenger,http://www.troymessenger.com
Connecticut ,Tuscaloosa News,http://www.tuscaloosanews.com/
Connecticut ,Wetumpka Herald,http://www.TheWetumpkaHerald.com
Connecticut ,Alaska Star,http://www.alaskastar.com
Connecticut ,Anchorage Daily News,http://www.adn.com
Connecticut ,Anchorage Press,http://www.anchoragepress.com
Connecticut ,Chilkat Valley News,http://www.chilkatvalleynews.com
Connecticut ,Fairbanks Daily News-Miner,http://www.news-miner.com/
Connecticut ,Homer Tribune,http://www.homertribune.com
Connecticut ,Juneau Empire,http://www.juneauempire.com
Connecticut ,Ketchikan Daily News,http://www.ketchikandailynews.com/
Connecticut ,Kodiak Daily Mirror,http://www.kodiakdailymirror.com/
Connecticut ,Nome Nugget,http://www.nomenugget.net/
Connecticut ,Peninsula Clarion,http://www.peninsulaclarion.com
Connecticut ,Petersburg Pilot,http://www.petersburgpilot.com
Connecticut ,Skagway News,http://www.skagwaynews.com
Connecticut ,Wasilla Frontiersman,http://www.frontiersman.com
Connecticut ,Ahwatukee Foothills News,http://www.ahwatukee.com
Connecticut ,Ajo Copper News,http://www.cunews.info
Connecticut ,Apache Junction News,http://www.ajnews.com
Connecticut ,Arizona Business Gazette,http://www.azcentral.com/abgnews
Connecticut ,Arizona Capitol Times,http://www.azcapitoltimes.com
Connecticut ,Arizona City Independent,http://www.zwire.com/site/news.cfm?brd=1817&pag=460&dept_ID=222089
Connecticut ,Arizona Daily Star (Tucson),http://www.azstarnet.com
Connecticut ,Arizona Daily Sun (Flagstaff),http://www.azdailysun.com
Connecticut ,Alma Journal,http://www.almajournal.com
Connecticut ,Arkadelphia Siftings Herald,http://www.siftingsherald.com
Connecticut ,Arkansas Business Online,http://www.arkansasbusiness.com
Connecticut ,Arkansas Democrat-Gazette,http://www.ardemgaz.com
Connecticut ,Arkansas Times,http://www.arktimes.com
Connecticut ,Atkins Chronicle,http://www.atkinschronicle.com
Connecticut ,Batesville Arkansas Weekly,http://www.arkansasweekly.com
Connecticut ,Batesville Daily Guard,http://www.guardonline.com
Connecticut ,Beebe News,http://www.beebenews.com
Connecticut ,Bella Vista Weekly Vista,http://www.nwanews.com/weeklyvista
Connecticut ,Benton County Daily Record,http://www.nwanews.com/dailyrecord
Connecticut ,Benton Courier,http://www.bentoncourier.com
Connecticut ,Berryville Carroll County News,http://www.ccnweekend.com
Connecticut ,Blytheville Courier News,http://www.blythevillecn.com
Connecticut ,Booneville Democrat,http://www.boonevilledemocrat.com
Connecticut ,Bryant Times,http://www.thebryanttimes.com
Connecticut ,Cabot Star-Herald,http://www.cabotstarherald.com/cabot_star_herald/front/
Connecticut ,Camden News,http://www.camdenarknews.com
Connecticut ,Carlisle Independent,http://www.carlisleindependent.com/carlisle_independent/front/
Connecticut ,Charleston Express,http://www.recordtimes.com
Connecticut ,Cherokee Village Villager Journal,http://www.villageronline.com
Connecticut ,Clarksville Johnson County Graphic,http://www.thegraphic.org
Connecticut ,Clinton Van Buren County Democrat,http://www.vanburencountydem.com
Connecticut ,Conway Log Cabin Democrat,http://www.thecabin.net
Connecticut ,Crossett - Ashley News Observer,http://www.crossettar.com
Connecticut ,Dardanelle Courier,http://www.couriernews.com
Connecticut ,DeQueen Bee,http://www.dequeen.com
Connecticut ,DeValls Bluff Times,http://www.herald-publishing.com
Connecticut ,DeWitt Era-Enterprise,http://www.dewitt-ee.com
Connecticut ,Dover Times,http://www.atkinschronicle.com/dover.htm
Connecticut ,El Dorado News-Times,http://www.eldoradonews.com
Connecticut ,Eureka Springs Lovely County Citizen,http://www.lovelycitizen.com
Connecticut ,Eureka Springs Times-Echo,http://www.eurekaspringstimesecho.com
Connecticut ,Fairfield Bay News,http://www.fairfieldbaynews.com
Connecticut ,Fayetteville Northwest Arkansas Times,http://www.nwanews.com/times
Connecticut ,Forest City Times-Herald,http://www.thnews.com
Connecticut ,Ft. Smith Southwest-Times Record,http://www.swtimes.com
Connecticut ,Glenwood Herald,http://www.nashvillenews.org/
Connecticut ,Greenwood Democrat,http://www.greenwooddemocrat.com
Connecticut ,Gurdon Times,http://www.picayune-times.com
Connecticut ,Hamburg Ashley County Ledger,http://www.ashleycountyledger.com
Connecticut ,Hampton South Arkansas Sun,http://www.southarkansassun.com
Connecticut ,Harrison Daily Times,http://www.harrisondailytimes.com
Connecticut ,Hazen Grand Prairie Herald,http://www.herald-publishing.com
Connecticut ,Heber Springs Sun-Times,http://www.thesuntimes.com
Connecticut ,Helena Daily World,http://www.helena-arkansas.com
Connecticut ,Hope Star,http://www.hopestar.com
Connecticut ,Hot Springs Sentinel-Record,http://www.hotsr.com
Connecticut ,Hot Springs Village Voice,http://www.hsvvoice.com
Connecticut ,Huntsville - Madison County Record,http://www.mcrecordonline.com
Connecticut ,Jacksonville Arkansas Leader,http://www.arkansasleader.com
Connecticut ,Jacksonville Patriot,http://www.jacksonvillepatriot.com
Connecticut ,Jonesboro Sun,http://www.jonesborosun.com
Connecticut ,Lonoke Democrat,http://www.lonokedemocrat.com
Connecticut ,Magnolia Banner News,http://www.bannernews.net
Connecticut ,Malvern Daily Record,http://www.malvern-online.com
Connecticut ,Manila Town Crier,http://www.thetown-crier.com
Connecticut ,Marion Salute,http://www.themarionsalute.com/
Connecticut ,Marked Tree Tri-City Tribune,http://www.tri-citytribune.com
Connecticut ,Maumelle Monitor,http://www.maumellemonitor.com
Connecticut ,Mena Star,http://www.menastar.com
Connecticut ,Monticello News,http://www.monticellonews.net/
Connecticut ,Morrilton Headlight News,http://www.headlightnews.com
Connecticut ,Mount Ida Montgomery County News,http://www.nashvillenews.org/
Connecticut ,Mt. Home Baxter Bulletin,http://www.baxterbulletinonline.com
Connecticut ,Murfreesboro Diamond,http://www.nashvillenews.org/
Connecticut ,Nashville Leader,http://www.nashvilleleader.com
Connecticut ,Nevada County Picayune,http://www.picayune-times.com/homepage.heitml?pubname=picayune
Connecticut ,Newport Daily Independent,http://www.newportindependent.com
Connecticut ,Newton County Times,http://www.newtoncountytimes.com
Connecticut ,North Little Rock Times,http://www.nlrtimes.com
Connecticut ,Northwest Arkansas Morning News (Fayetteville),http://www.nwaonline.net
Connecticut ,Northwest Arkansas Times (Fayetteville),http://www.nwarktimes.com
Connecticut ,Ozark Spectator,http://www.ozarkspectator.com
Connecticut ,Ozark Spectator,http://www.ozarkspectator.com
Connecticut ,Paragould Daily Press,http://www.paragoulddailypress.com
Connecticut ,Paris Express,http://www.paris-express.com
Connecticut ,Piggott Times,http://www.piggotttimes.com
Connecticut ,Pine Bluff Commercial,http://www.pbcommercial.com
Connecticut ,Rector Clay County Democrat,http://www.claycountydemocrat.com
Connecticut ,Russellville Courier,http://www.couriernews.com
Connecticut ,Salem News,http://news.mywebpal.com/index.cfm?pnpid=883
Connecticut ,Saline County Voice,http://www.salinecountyvoice.com/
Connecticut ,Searcy Daily Citizen,http://www.thedailycitizen.com
Connecticut ,Sheridan Headlight,http://www.thesheridanheadlight.com
Connecticut ,Siloam Springs Herald Leader,http://www.nwanews.com/leader
Connecticut ,Springdale-Rogers Morning News,http://www.nwaonline.net
Connecticut ,Stamps Lafayette County Press,http://www.lafayettecountypress.com
Connecticut ,Stuttgart Daily Leader,http://www.stuttgartdailyleader.com
Connecticut ,Texarkana Gazette,http://www.texarkanagazette.com
Connecticut ,Trumann Democrat,http://www.trumanndemocrat.com
Connecticut ,Van Buren Press Argus-Courier,http://www.pressargus.com
Connecticut ,Waldron News,http://www.waldronnews.com
Connecticut ,Walnut Ridge Times Dispatch,http://www.thetd.com
Connecticut ,West Memphis Evening Times,http://www.theeveningtimes.com
Connecticut ,Acton Vanguard News,http://www.vanguardnews.com/
Connecticut ,Alameda Times-Star,http://www.timesstar.com/
Connecticut ,Alturas Modoc County Record,http://www.modocrecord.com
Connecticut ,Antelope Valley Press,http://www.avpress.com/
Connecticut ,Arcata Eye,http://www.arcataeye.com/
Connecticut ,Arroyo Grande Times Press Recorder,http://www.timespressrecorder.com/
Connecticut ,Auburn Journal,http://www.auburnjournal.com
Connecticut ,Bakersfield Californian,http://www.bakersfield.com/
Connecticut ,Barstow Desert Dispatch,http://www.desertdispatch.com/
Connecticut ,Benicia News,http://www.benicianews.com/
Connecticut ,Berkeley East Bay Express,http://www.eastbayexpress.com/index.html
Connecticut ,Beverly Hills Weekly,http://www.bhweekly.com/
Connecticut ,Big Bear Lake Grizzly,http://www.bigbeargrizzly.net/
Connecticut ,Bishop Inyo Register,http://www.inyoregister.com/
Connecticut ,Blythe Desert Independent,http://www.thedesertinde.com/
Connecticut ,Burbank Leader,http://www.latimes.com/tcn/burbank/
Connecticut ,Calaveras Enterprise,http://www.calaverasenterprise.com
Connecticut ,Carmel Pine Cone,http://www.carmelpinecone.com/
Connecticut ,Carmichael Times,http://carmichaeltimes.com/
Connecticut ,Carpenteria Coastal View News,http://www.coastalview.com/
Connecticut ,Catalina Islander,http://www.islander.catalinatoday.com/
Connecticut ,Chester Progressive,http://www.plumasnews.com/index.edi
Connecticut ,Chico Enterprise-Record,http://www.chicoer.com/
Connecticut ,Chico Examiner,http://www.chicoexaminer.com/
Connecticut ,Chico News & Review,http://www.newsreview.com/issues/chico/2004-02-05/
Connecticut ,Clayton Pioneer,http://claytonpioneer.com/claytonpioneer/
Connecticut ,Clear Lake Observer American,http://www.clearlakeobserver.com
Connecticut ,Clipper Mills Rabbit Creek Journal,http://www.rcj.net/
Connecticut ,Concord Pioneer,http://concordpioneer.com/concordpioneer/
Connecticut ,Contra Costa Times,http://www.hotcoco.com/
Connecticut ,Coronado Eagle,http://www.coronadonewsca.com/
Connecticut ,Costa Mesa Daily Pilot,http://www.latimes.com/tcn/pilot/
Connecticut ,Costa Mesa Orange County Weekly,http://www.ocweekly.com
Connecticut ,Crescent City Daily Triplicate,http://www.triplicate.com
Connecticut ,Crestline Courier-News,http://www.crestlinecourier-news.com
Connecticut ,Culver City News,http://www.culvercitynews.com
Connecticut ,Cupertino Courier,http://www.cupertinocourier.com/
Connecticut ,Davis Enterprise,http://www.davisenterprise.com/
Connecticut ,Dixon Independent Voice,http://www.independentvoice.com/
Connecticut ,Downey Eagle,http://www.downeyeagle.com/
Connecticut ,El Centro Imperial Valley Press Online,http://www.ivpressonline.com/
Connecticut ,Elk Grove Citizen,http://www.egcitizen.com/
Connecticut ,Escondido North County Times,http://www.nctimes.com/
Connecticut ,Eureka Reporter,http://www.eurekareporter.com
Connecticut ,Eureka Times Standard,http://www.times-standard.com/
Connecticut ,Fairfield Daily Republic,http://www.dailyrepublic.com/
Connecticut ,Fall River Mills Mountain Echo,http://www.mountainecho.com/
Connecticut ,Fallbrook Village News,http://www.thevillagenewsnetwork.com
Connecticut ,Folsom Telegraph,http://folsomtelegraph.com
Connecticut ,Fontana Herald News,http://www.fontanaheraldnews.com/
Connecticut ,Fort Bragg Advocate News,http://www.advocate-news.com/
Connecticut ,Frazier Park Mountain Enterprise,http://www.mountainenterprise.com/
Connecticut ,Fremont Argus,http://www.theargusonline.com/
Connecticut ,Fresno Bee,http://www.fresnobee.com/
Connecticut ,Galt Herald,http://www.galtherald.com/
Connecticut ,Gilroy Dispatch,http://www.gilroydispatch.com/
Connecticut ,Glendale News-Press,http://www.latimes.com/tcn/glendale/
Connecticut ,Grass Valley Union,http://www.theunion.com/
Connecticut ,Half Moon Bay Review,http://www.hmbreview.com/
Connecticut ,Hanford Sentinel,http://www.hanfordsentinel.com/
Connecticut ,Hayward Daily Review,http://www.dailyreviewonline.com/
Connecticut ,Hemet Valley Chronicle,http://thevalleychronicle.com/
Connecticut ,Hermosa Beach Reporter,http://www.laindependent.com/
Connecticut ,Hollister Free Lance,http://www.freelancenews.com/
Connecticut ,Hollister Pinnacle News,http://www.pinnaclenews.com
Connecticut ,Huntington Beach Independent,http://www.hbindy.com/
Connecticut ,Huntington Beach News,http://www.hbnews.us/
Connecticut ,Idyllwild Town Crier,http://www.idyl.com/
Connecticut ,Indian Valley Record,http://www.plumasnews.com/
Connecticut ,Inland Valley Daily Bulletin,http://www.dailybulletin.com/
Connecticut ,Irvine World News,http://irvineworldnews.com/
Connecticut ,Kings City Rustler,http://www.kingcityrustler.com/
Connecticut ,Kingsburg Recorder,http://www.kingsburgrecorder.com
Connecticut ,L.A. Weekly,http://www.laweekly.com
Connecticut ,La Canada Valley Sun,http://www.lacanadaonline.com/
Connecticut ,La Opinion,http://www.laopinion.com/
Connecticut ,La Prensa-San Diego,http://www.laprensa-sandiego.org/
Connecticut ,Lake Arrowhead Mountain News,http://www.mountain-news.com/
Connecticut ,Lake County Record-Bee,http://www.record-bee.com/
Connecticut ,Lake Isabella Kern County Sun,http://www.kvsun.com/
Connecticut ,Livermore Independent,http://www.independentnews.com/
Connecticut ,Lodi News-Sentinel,http://www.lodinews.com/
Connecticut ,Lompoc Record,http://www.lompocrecord.com/
Connecticut ,Long Beach Gazettes,http://www.gazettes.com/
Connecticut ,Long Beach Press Telegram,http://www.ptconnect.com/
Connecticut ,Los Altos Town Crier,http://www.latc.com/
Connecticut ,Los Angeles Daily News,http://www.dailynews.com/
Connecticut ,Los Angeles Downtown News,http://www.downtownnews.com
Connecticut ,Los Angeles Independent,http://www.laindependent.com/
Connecticut ,Los Angeles Jewish Observer,http://www.jewishobserver-la.com/
Connecticut ,Los Angeles Times,http://www.latimes.com/
Connecticut ,Los Banos Enterprise,http://www.losbanosenterprise.com
Connecticut ,Los Gatos Daily News,http://www.losgatosdailynews.com/
Connecticut ,Los Gatos Weekly-Times,http://www.lgwt.com/
Connecticut ,Madera Tribune,http://www.maderatribune.com/
Connecticut ,Malibu Times,http://www.malibutimes.com/
Connecticut ,Mammoth Times,http://www.mammothtimes.com/
Connecticut ,Manhattan Beach Reporter,http://www.laindependent.com/
Connecticut ,Manteca Bulletin,http://www.mantecabulletin.com/
Connecticut ,Marin Independent Journal,http://www.marinij.com/
Connecticut ,Marina del Rey Argonaut,http://www.argonautnewspaper.com/
Connecticut ,Mariposa Weekly Gazette,http://www.mariposagazette.com/
Connecticut ,Marysville Appeal Democrat,http://www.appeal-democrat.com/
Connecticut ,Mendocino Beacon,http://www.mendocinobeacon.com/
Connecticut ,Menlo Park Almanac,http://www.almanacnews.com/
Connecticut ,Merced Sun-Star,http://www.mercedsun-star.com/
Connecticut ,Mercury News,http://www.bayarea.com/mld/mercurynews/
Connecticut ,Milpitas Post,http://www.themilpitaspost.com/
Connecticut ,Modesto Bee,http://www.modbee.com/
Connecticut ,Modoc County Record,http://www.modocrecord.com/
Connecticut ,Mojave Desert News,http://www.desertnews.com
Connecticut ,Monterey County Herald,http://www.montereyherald.com/mld/mcherald/
Connecticut ,Morgan Hill Times,http://www.morganhilltimes.com/
Connecticut ,Mt. Shasta News,http://www.mtshastanews.com/
Connecticut ,Napa Valley Register,http://www.napanews.com/
Connecticut ,Nevada City Union,http://www.theunion.com/
Connecticut ,Newport Beach OC Business Journal,http://www.ocbj.com
Connecticut ,North Lake Tahoe Bonanza,http://www.tahoebonanza.com/apps/pbcs.dll/frontpage
Connecticut ,Novato Advance,http://www.novatoadvance.com/
Connecticut ,Oakhurst Sierra Star,http://www.sierrastar.com/
Connecticut ,Oakland East Bay Express,http://www.eastbayexpress.com/
Connecticut ,Oakland Tribune,http://www.oaklandtribune.com
Connecticut ,Oceanside North County Times,http://www.nctimes.com/
Connecticut ,Ojai Valley News,http://www.ojaivalleynews.com/
Connecticut ,Ontario Daily Bulletin,http://www.dailybulletin.com/
Connecticut ,Orange County Register,http://www.ocregister.com/
Connecticut ,Oroville Mercury-Record,http://www.orovillemr.com/
Connecticut ,Pacific Palisades Palisadian-Post,http://www.palisadespost.com/
Connecticut ,Pacifica Tribune,http://www.pacificatribune.com/
Connecticut ,Palm Springs Desert Sun,http://www.desertsunonline.com/
Connecticut ,Palo Alto Online,http://www.paloaltoonline.com/
Connecticut ,Palos Verdes Peninsula News,http://www.pvnews.com/
Connecticut ,Paradise Post,http://www.paradisepost.com/
Connecticut ,Pasadena Star-News,http://www.pasadenastarnews.com/
Connecticut ,Penasquitos Corridor	News,http://www.pomeradonews.com/
Connecticut ,Petaluma Argus-Courier,http://www.arguscourier.com/
Connecticut ,Placerville Mountain Democrat,http://www.mtdemocrat.com/
Connecticut ,Pleasanton Tri-Valley Herald,http://www.trivalleyherald.com/
Connecticut ,Point Reyes Light,http://www.ptreyeslight.com/
Connecticut ,Porterville Recorder,http://www.portervillerecorder.com/
Connecticut ,Portola Reporter,http://www.plumasnews.com/
Connecticut ,Poway Corridor News,http://www.pomeradonews.com/
Connecticut ,Poway News-Chieftain,http://www.pomeradonews.com/
Connecticut ,Quincy Feather River Bulletin,http://www.plumasnews.com/
Connecticut ,Ramona Sentinel,http://www.ramonasentinel.com/
Connecticut ,Rancho Bernado News Journal,http://www.pomeradonews.com/
Connecticut ,Rancho Cucamonga Business Journal,http://www.busjournal.com
Connecticut ,Red Bluff Daily News,http://www.redbluffdailynews.com/
Connecticut ,Redding Record Searchlight,http://www.redding.com/
Connecticut ,Redlands Daily Facts,http://www.redlandsdailyfacts.com/
Connecticut ,Redondo Beach Reporter,http://www.laindependent.com/
Connecticut ,Ridgecrest Daily Independent,http://www.ridgecrestca.com/
Connecticut ,Riverside Press-Enterprise,http://www.pe.com/
Connecticut ,Rohnert Park Community Voice,http://www.rpcotatinews.com
Connecticut ,Roseville Press-Tribune,http://www.thepresstribune.com/
Connecticut ,Running Springs Alpenhorn News,http://www.thealpenhornnews.com
Connecticut ,Sacramento Bee,http://www.sacbee.com/
Connecticut ,Saint Helen Star,http://www.sthelenastar.com/home.html
Connecticut ,Salinas - The Californian,http://www.californianonline.com/
Connecticut ,San Bernardino County Sun,http://www.sbcsun.com/
Connecticut ,San Diego Coast News,http://www.thecoastnews.com/
Connecticut ,San Diego Community Newspaper Group,http://www.sdnews.com/
Connecticut ,San Diego Daily Transcript,http://www.sddt.com/
Connecticut ,San Diego Headline News,http://www.primenews.com/
Connecticut ,San Diego Union-Tribune,http://www.uniontrib.com/
Connecticut ,San Francisco Bay Guardian,http://www.sfbayguardian.com/
Connecticut ,San Francisco Business Times,http://sanfrancisco.bizjournals.com/sanfrancisco/
Connecticut ,San Francisco Chronicle,http://www.sfgate.com/
Connecticut ,San Francisco El Observador,http://www.el-observador.com/
Connecticut ,San Francisco Examiner,http://www.examiner.com
Connecticut ,San Francisco Weekly,http://www.sfweekly.com/
Connecticut ,San Gabriel Valley Tribune,http://www.sgvtribune.com/
Connecticut ,San Jose - Willow Glen Resident,http://www.wgresident.com
Connecticut ,San Jose Business Journal,http://sanjose.bizjournals.com/sanjose/
Connecticut ,San Jose Mercury News,http://www.sjmercury.com/
Connecticut ,San Jose Metro,http://www.metroactive.com/metro/
Connecticut ,San Luis Obispo New Times Weekly,http://www.newtimes-slo.com
Connecticut ,San Luis Obispo Telegram-Tribune,http://www.sanluisobispo.com/
Connecticut ,San Mateo County Times,http://www.sanmateocountytimes.com/
Connecticut ,San Mateo Daily Journal,http://www.smdailyjournal.com/
Connecticut ,Santa Barbara Independent,http://www.independent.com/
Connecticut ,Santa Barbara News-Press,http://www.newspress.com/
Connecticut ,Santa Barbara South Coast Beacon,http://www.scbeacon.com/
Connecticut ,Santa Clarita Valley Signal,http://www.the-signal.com/
Connecticut ,Santa Cruz Good Times,http://www.gdtimes.com/
Connecticut ,Santa Cruz Metro,http://www.metroactive.com/cruz/
Connecticut ,Santa Cruz Sentinel,http://www.santa-cruz.com/
Connecticut ,Santa Monica Mirror,http://www.smmirror.com
Connecticut ,Santa Paula Times,http://www.santapaulatimes.com/
Connecticut ,Santa Rosa Press Democrat,http://www.pressdemo.com/
Connecticut ,Saratoga News,http://www.saratoganews.com/
Connecticut ,Seaside Coast Weekly,http://www.coastweekly.com/
Connecticut ,Sebastopol Sonoma West Times & News,http://www.sonomawest.com/
Connecticut ,Selma Enterprise,http://www.selmaenterprise.com/
Connecticut ,Sonoma Index-Tribune,http://www.sonomanews.com/
Connecticut ,Sonora Union Democrat,http://home.uniondemocrat.com/
Connecticut ,Stockton Record,http://www.recordnet.com/
Connecticut ,Sunnyvale Sun,http://www.sunnyvalesun.com/
Connecticut ,Susanville Lassen County Times,http://www.lassennews.com/
Connecticut ,Taft Daily Midway Driller,http://www.taftmidwaydriller.com/
Connecticut ,Tahoe Daily Tribune,http://www.tahoedailytribune.com/apps/pbcs.dll/frontpage
Connecticut ,Tahoe World,http://www.tahoe-world.com/
Connecticut ,Tehachapi News,http://www.tehachapinews.com/
Connecticut ,Temecula Valley News,http://www.thevalleynewsnetwork.com
Connecticut ,Tiburon - The Ark,http://www.thearknewspaper.com
Connecticut ,Topanga Messenger,http://www.topangamessenger.com
Connecticut ,Torrance Daily Breeze,http://www.dailybreeze.com/
Connecticut ,Tracy Press,http://www.tracypress.com/
Connecticut ,Truckee Sierra Sun,http://www.sierrasun.com/
Connecticut ,Tulare Advance-Register,http://www.TulareAdvanceRegister.com
Connecticut ,Twentynine Palms Desert Trail,http://www.deserttrail.com/
Connecticut ,Ukiah Daily Journal,http://www.ukiahdailyjournal.com/
Connecticut ,Vacaville Reporter,http://www.thereporter.com/
Connecticut ,Vallejo Times-Herald,http://www.timesheraldonline.com/
Connecticut ,VallejoNews.com,http://www.vallejonews.com/
Connecticut ,Valley Center Roadrunner,http://www.valleycenter.com/
Connecticut ,Ventura County Star,http://www.staronline.com/
Connecticut ,Victorville Daily Press,http://www.vvdailypress.com/
Connecticut ,Visalia Times-Delta,http://www.VisaliaTimesDelta.com
Connecticut ,Visalia Valley Voice,http://www.valleyvoicenewspaper.com/
Connecticut ,Walnut Creek - North Bay Business Journal,http://www.busjrnl.com
Connecticut ,Walnut Creek Contra Costa Times,http://www.bayarea.com/mld/cctimes/
Connecticut ,Watsonville Register-Pajaronian,http://www.register-pajaronian.com
Connecticut ,Whittier Daily News,http://www.whittierdailynews.com/
Connecticut ,Woodland Daily Democrat,http://www.dailydemocrat.com/
Connecticut ,Woodland Hills Daily News,http://www.dailynewslosangeles.com/
Connecticut ,Yreka Siskiyou Daily News,http://www.siskiyoudaily.com/
Connecticut ,Yuba City Appeal-Democrat,http://www.appeal-democrat.com/
Connecticut ,Yucca Valley Hi-Desert Star,http://www.hidesertstar.com/
Connecticut ,Alamosa Valley Courier,http://www.alamosanews.com/
Connecticut ,Arvada Sentinel,http://www.arvadasentinel.com/1homebody.lasso
Connecticut ,Aspen Daily News,http://www.aspendailynews.com/
Connecticut ,Aspen Times,http://www.aspentimes.com/
Connecticut ,Aurora Sentinel,http://www.aurorasentinel.com
Connecticut ,Bayfield Pine River Times,http://www.pinerivertimes.com/
Connecticut ,Boulder County Business Report,http://www.bcbr.com
Connecticut ,Boulder Daily Camera,http://www.bouldernews.com/
Connecticut ,Boulder Weekly,http://www.boulderweekly.com
Connecticut ,Breckenridge - Summit Daily News,http://summitdaily.com/
Connecticut ,Brighton Standard Blade,http://www.metrowestfyi.com/standardblade/
Connecticut ,Brush News-Tribune,http://www.brushnewstribune.com/
Connecticut ,Buena Vista Chaffee County Times,http://www.chaffeecountytimes.com/
Connecticut ,Canon Daily Record,http://www.canoncitydailyrecord.com/
Connecticut ,Canyon Courier,http://www.canyoncourier.com/
Connecticut ,Carbon Valley Farmer & Miner,http://www.metrowestfyi.com/farmerminer/
Connecticut ,Carbondale Valley Journal,http://www.valley-journal.com/home.php
Connecticut ,Castle Rock Douglas County News Press,http://www.dcnewspress.com/
Connecticut ,Colorado Daily,http://www.coloradodaily.com/
Connecticut ,Colorado Springs Business Journal,http://www.csbj.com/
Connecticut ,Colorado Springs Gazette,http://www.gazette.com/
Connecticut ,Colorado Springs Hispania News,http://www.hispanianews.com/
Connecticut ,Colorado Springs Independent,http://www.csindy.com
Connecticut ,Commerce City Sentinel Express,http://www.metrowestfyi.com/sentinelexpress/
Connecticut ,Copper - Summit Daily News,http://summitdaily.com/
Connecticut ,Cortez Journal,http://www.cortezjournal.com
Connecticut ,Craig Daily Press,http://www.craigdailypress.com/
Connecticut ,Crested Butte News,http://www.crestedbuttenews.com/
Connecticut ,Delta County Independent,http://www.deltacountyindependent.com/
Connecticut ,Denver Business Journal,http://www.bizjournals.com/denver/
Connecticut ,Denver Post Online,http://www.denverpost.com/
Connecticut ,Denver Rocky Mountain News,http://www.rockymountainnews.com
Connecticut ,Denver Westword,http://www.westword.com
Connecticut ,Douglas County News-Press,http://www.dcnewspress.com/
Connecticut ,Durango Herald,http://www.durangoherald.com/
Connecticut ,Estes Park Trail Gazette,http://www.eptrail.com/
Connecticut ,Evergreen Canyon Courier,http://www.evergreenco.com/
Connecticut ,Fairplay Flume,http://www.theflume.com/
Connecticut ,Fort Collins Coloradoan,http://www.coloradoan.com
Connecticut ,Fort Collins Northern CO Business Report,http://www.ncbr.com
Connecticut ,Fort Collins Weekly,http://www.fortcollinsweekly.com/
Connecticut ,Fort Lupton Press,http://www.metrowestfyi.com/fortluptonpress/
Connecticut ,Fort Morgan Times,http://www.fortmorgantimes.com
Connecticut ,Frisco - Summit Daily News,http://www.summitdaily.com/
Connecticut ,Amity Observer,http://www.zwire.com/site/news.cfm?brd=1342
Connecticut ,Berlin Citizen,http://www.theberlincitizen.com/
Connecticut ,Bethany Bulletin,http://www.ctcentral.com/
Connecticut ,Bethel Beacon,http://www.bethelbeacon.com/
Connecticut ,Bloomfield Journal,http://www.bloomfieldjournal.com/
Connecticut ,Branford Review,http://www.branfordreview.com/
Connecticut ,Branford Sound,http://www.shorepublishing.com/
Connecticut ,Bridgeport Connecticut Post,http://www.connpost.com
Connecticut ,Bridgeport News,http://www.zwire.com/site/news.cfm?brd=1343
Connecticut ,Bristol Press,http://www.bristolpress.com
Connecticut ,Brookfield Journal,http://www.brookfieldjournal.com/
Connecticut ,Clinton Recorder,http://www.clintonrecorder.com/
Connecticut ,Danbury El Canillita,http://www.elcanillita.com/
Connecticut ,Danbury News-Times,http://www.newstimes.com/
Connecticut ,Darien News-Review,http://www.dariennews-review.com/
Connecticut ,East Hartford Gazette,http://www.EastHartfordGazette.com
Connecticut ,East Haven Advertiser,http://www.easthavenadvertiser.com/
Connecticut ,Easton Courier,http://www.zwire.com/site/news.cfm?brd=1344
Connecticut ,Fairfield Citizen-News,http://www.fairfieldcitizen-news.com/
Connecticut ,Fairfield County Weekly,http://www.fairfieldweekly.com/
Connecticut ,Farmington Valley News,http://www.ctcentral.com/
Connecticut ,Greenwich Time,http://www.greenwichtime.com/
Connecticut ,Guilford Courier,http://guilford.shorepublishing.com/
Connecticut ,Hamden Chronicle,http://www.hamdenchronicle.com/
Connecticut ,Hartford Advocate,http://www.hartfordadvocate.com/
Connecticut ,Hartford Bristol Press,http://www.bristolpress.com/
Connecticut ,Hartford Business Journal,http://www.hbjournal.com
Connecticut ,Hartford Commercial Record,http://www.commercialrecord.com/
Connecticut ,Hartford Courant,http://www.courant.com/
Connecticut ,Kent Good Times Dispatch,http://www.ctcentral.com/
Connecticut ,Lewisboro Ledger,http://www.acorn-online.com/lewis2.htm
Connecticut ,Litchfield County Times,http://www.countytimes.com/site/news.cfm?brd=2303
Connecticut ,Litchfield Enquirer,http://www.litchfieldenquirer.com/
Connecticut ,Madison Source,http://thesource.shorepublishing.com/
Connecticut ,Manchester Journal Inquirer,http://www.journalinquirer.com/
Connecticut ,Meriden Record-Journal,http://www.record-journal.com
Connecticut ,Middlefield Town Times,http://www.towntimes.com/
Connecticut ,Middletown Press,http://www.middletownpress.com/
Connecticut ,Milford Mirror,http://www.milfordmirror.com
Connecticut ,Monroe Courier,http://www.monroecourier.com
Connecticut ,New Britain Herald,http://www.newbritainherald.com/
Connecticut ,New Haven Advocate,http://www.newhavenadvocate.com/
Connecticut ,New Haven Business Times,http://www.ctbusinesstimes.com
Connecticut ,New Haven Register,http://www.nhregister.com
Connecticut ,New London Day,http://www.newlondonday.com/
Connecticut ,New Milford Spectrum,http://www.spectrum.newmilford.com/
Connecticut ,New Milford Times,http://www.newmilfordtimes.com/
Connecticut ,Newington Town Crier,http://www.newingtontowncrier.com/
Connecticut ,Newtown Bee,http://www.newtownbee.com/
Connecticut ,North Haven Post,http://www.northhavenpost.com/
Connecticut ,Norwalk Citizen-News,http://www.norwalkcitizen-news.com/
Connecticut ,Norwalk Hour,http://www.thehour.com/
Connecticut ,Norwich Bulletin,http://www.norwichbulletin.com
Connecticut ,Plainville Citizen,http://www.theplainvillecitizen.com/
Connecticut ,Redding Pilot,http://www.acorn-online.com/redding.htm
Connecticut ,Regional Standard,http://www.regionalstandard.com/
Connecticut ,Ridgefield Press,http://www.acorn-online.com/ridgef2.htm
Connecticut ,Rocky Hill Post,http://www.rockyhillpost.com/
Connecticut ,Seymour Valley Gazette,http://www.zwire.com/site/news.cfm?brd=1351
Connecticut ,Shelton Huntington Herald,http://www.zwire.com/site/news.cfm?brd=1346
Connecticut ,Shore Line Times,http://www.shorelinetimes.com/
Connecticut ,Stamford Advocate,http://www.stamfordadvocate.com/
Connecticut ,Stamford Fairfield County Weekly,http://www.fairfieldweekly.com
Connecticut ,Stonington Intelligencer,http://www.stoningtonct.com/
Connecticut ,Stratford Bard,http://www.stratfordbard.com/
Connecticut ,Torrington Register Citizen,http://www.registercitizen.com/
Connecticut ,Trumbull Times,http://www.zwire.com/news/newslist.cfm?brd=1350
Connecticut ,Valley Advocate,http://www.valleyadvocate.com/
Connecticut ,Wallingford People's Press,http://www.peoplespressnews.com/
Connecticut ,Waterbury Republican-American,http://www.rep-am.com/
Connecticut ,West Hartford News,http://www.westhartfordnews.com/
Connecticut ,West Haven News,http://www.westhavennews.com/
Connecticut ,West Haven Voice,http://www.whvoice.com/
Connecticut ,Westbrook Harbor News,http://harbornews.shorepublishing.com/
Connecticut ,Weston Forum,http://www.acorn-online.com/weston.htm
Connecticut ,Westport Minuteman,http://www.westportminuteman.com/
Connecticut ,Westport News,http://www.westport-news.com/
Connecticut ,Wethersfield Post,http://www.wethersfieldpost.com/
Connecticut ,Willimantic Chronicle,http://www.thechronicle.com
Connecticut ,Wilton Bulletin,http://www.acorn-online.com/wilton.htm
Connecticut ,Windsor Journal,http://www.windsorjournal.com/
Connecticut ,Windsor Locks Journal,http://www.windsorlocksjournal.com/
Connecticut ,Wolcott Community News,http://www.wolcottct.com/news/
