Florida ,Alexander City Outlook,http://www.alexcityoutlook.com/
Florida ,Andalusia Star News,http://www.andalusiastarnews.com
Florida ,Athens News-Courier,http://www.enewscourier.com/
Florida ,Atmore Advance,http://www.atmoreadvance.com/
Florida ,Auburn Plainsman,http://www.theplainsman.com/
Florida ,Birmingham Business Journal,http://www.amcity.com/birmingham/
Florida ,Birmingham News,http://www.al.com/news/birminghamnews/
Florida ,Birmingham Times,http://www.thebirminghamtimes.com/news/default.asp
Florida ,Brewton Standard,http://www.brewtonstandard.com/
Florida ,Carrollton Pickens County Herald,http://theherald.pickens.net/
Florida ,Centre Post Online,http://www.postpaper.com/
Florida ,Cherokee County Herald,http://news.mywebpal.com/index.cfm?pnpid=726
Florida ,Citronelle Call News,http://www.thecallnews.com/
Florida ,Clanton Advertiser,http://www.clantonadvertiser.com
Florida ,Clarke County Democrat,http://www.clarkecountydemocrat.com/
Florida ,Clay News,http://www.claynews.net/
Florida ,Cleburne News,http://www.cleburnenews.com/
Florida ,Crimson White,http://www.cw.ua.edu/
Florida ,Cullman Times,http://www.cullmantimes.com/
Florida ,Daleville Sun-Courier,http://www.southeastsun.com
Florida ,Decatur Daily,http://www.decaturdaily.com/
Florida ,Deep South Jewish Voice,http://www.deepsouthjewishvoice.com/
Florida ,Demopolis Times,http://www.demopolistimes.com/
Florida ,Dothan Eagle,http://www.dothaneagle.com/
Florida ,Dothan Southeast Sun,http://www.southeastsun.com/
Florida ,Eclectic Observer, http://www.TheEclecticObserver.com
Florida ,Enterprise Ledger,http://www.eprisenow.com/
Florida ,Eufaula Tribune,http://www.eufaulatribune.com/
Florida ,Florence Times Daily,http://www.timesdaily.com/
Florida ,Fort Payne Times Journal,http://www.times-journal.com/
Florida ,Franklin County Times,http://www.franklincountytimes.com/
Florida ,Ft. Rucker Army Flier,http://www.armyflier.com
Florida ,Ft. Rucker News-Southeast Sun,http://www.southeastsun.com
Florida ,Gadsden Messenger,http://www.gadsdenmessenger.com/
Florida ,Gadsden Times,http://www.gadsdentimes.com/
Florida ,Gardendale North Jefferson News,http://www.njeffersonnews.com
Florida ,Gilbertown Choctaw Sun,http://www.choctawsun.com
Florida ,Greenville Advocate,http://www.greenvilleadvocate.com/
Florida ,Guntersville Advertiser-Gleam,http://www.advertisergleam.com/
Florida ,Hartselle Enquirer,http://www.hartselleenquirer.com
Florida ,Heflin Cleburne News,http://www.cleburnenews.com/
Florida ,Huntsville Times,http://www.al.com/news/huntsvilletimes/
Florida ,Huntsville Virtual Times,http://www.hsv.com/fntpage.html
Florida ,Jackson South Alabamian,http://www.southalabamian.com
Florida ,Jacksonville News,http://www.jaxnews.com/
Florida ,Jasper Daily Mountain Eagle,http://www.mountaineagle.com/
Florida ,Lanett Valley Times-News,http://www.valleytimes-news.com/
Florida ,Livingston Record Journal,http://www.recordjournal.net/
Florida ,Madison County Record,http://www.madisoncountyrecord.com/
Florida ,Mobile Register,http://www.al.com/news/mobileregister/
Florida ,Monroe Journal,http://www.monroejournal.com/
Florida ,Montgomery Advertiser,http://www.montgomeryadvertiser.com/
Florida ,Montgomery Independent,http://www.al.com/montgomery/
Florida ,Northport Gazette,http://www.northportgazette.com
Florida ,Opelika-Auburn News,http://www.oanow.com/
Florida ,Oxford Independent,http://www.oxfordi.com
Florida ,Rainsville Weekly Post,http://www.theweeklypost.com/
Florida ,Roanoke -  The Randolph Leader,http://www.therandolphleader.com/
Florida ,Sand Mountain Reporter,http://www.sandmountainreporter.com/
Florida ,Scottsboro Daily Sentinel,http://www.thedailysentinel.com/
Florida ,Selma Times-Journal,http://www.selmatimesjournal.com/
Florida ,Shelby County Reporter,http://www.shelbycountyreporter.com/
Florida ,St. Clair Times,http://www.dailyhome.com/stclair/dh-stclair.htm
Florida ,Talladega Daily Home,http://www.dailyhome.com/
Florida ,The Anniston Star,http://www.annistonstar.com/as-index.htm
Florida ,Thomasville Times,http://www.thethomasvilletimes.com/
Florida ,Troy Messenger,http://www.troymessenger.com
Florida ,Tuscaloosa News,http://www.tuscaloosanews.com/
Florida ,Wetumpka Herald,http://www.TheWetumpkaHerald.com
Florida ,Alaska Star,http://www.alaskastar.com
Florida ,Anchorage Daily News,http://www.adn.com
Florida ,Anchorage Press,http://www.anchoragepress.com
Florida ,Chilkat Valley News,http://www.chilkatvalleynews.com
Florida ,Fairbanks Daily News-Miner,http://www.news-miner.com/
Florida ,Homer Tribune,http://www.homertribune.com
Florida ,Juneau Empire,http://www.juneauempire.com
Florida ,Ketchikan Daily News,http://www.ketchikandailynews.com/
Florida ,Kodiak Daily Mirror,http://www.kodiakdailymirror.com/
Florida ,Nome Nugget,http://www.nomenugget.net/
Florida ,Peninsula Clarion,http://www.peninsulaclarion.com
Florida ,Petersburg Pilot,http://www.petersburgpilot.com
Florida ,Skagway News,http://www.skagwaynews.com
Florida ,Wasilla Frontiersman,http://www.frontiersman.com
Florida ,Ahwatukee Foothills News,http://www.ahwatukee.com
Florida ,Ajo Copper News,http://www.cunews.info
Florida ,Apache Junction News,http://www.ajnews.com
Florida ,Arizona Business Gazette,http://www.azcentral.com/abgnews
Florida ,Arizona Capitol Times,http://www.azcapitoltimes.com
Florida ,Arizona City Independent,http://www.zwire.com/site/news.cfm?brd=1817&pag=460&dept_ID=222089
Florida ,Arizona Daily Star (Tucson),http://www.azstarnet.com
Florida ,Arizona Daily Sun (Flagstaff),http://www.azdailysun.com
Florida ,Alma Journal,http://www.almajournal.com
Florida ,Arkadelphia Siftings Herald,http://www.siftingsherald.com
Florida ,Arkansas Business Online,http://www.arkansasbusiness.com
Florida ,Arkansas Democrat-Gazette,http://www.ardemgaz.com
Florida ,Arkansas Times,http://www.arktimes.com
Florida ,Atkins Chronicle,http://www.atkinschronicle.com
Florida ,Batesville Arkansas Weekly,http://www.arkansasweekly.com
Florida ,Batesville Daily Guard,http://www.guardonline.com
Florida ,Beebe News,http://www.beebenews.com
Florida ,Bella Vista Weekly Vista,http://www.nwanews.com/weeklyvista
Florida ,Benton County Daily Record,http://www.nwanews.com/dailyrecord
Florida ,Benton Courier,http://www.bentoncourier.com
Florida ,Berryville Carroll County News,http://www.ccnweekend.com
Florida ,Blytheville Courier News,http://www.blythevillecn.com
Florida ,Booneville Democrat,http://www.boonevilledemocrat.com
Florida ,Bryant Times,http://www.thebryanttimes.com
Florida ,Cabot Star-Herald,http://www.cabotstarherald.com/cabot_star_herald/front/
Florida ,Camden News,http://www.camdenarknews.com
Florida ,Carlisle Independent,http://www.carlisleindependent.com/carlisle_independent/front/
Florida ,Charleston Express,http://www.recordtimes.com
Florida ,Cherokee Village Villager Journal,http://www.villageronline.com
Florida ,Clarksville Johnson County Graphic,http://www.thegraphic.org
Florida ,Clinton Van Buren County Democrat,http://www.vanburencountydem.com
Florida ,Conway Log Cabin Democrat,http://www.thecabin.net
Florida ,Crossett - Ashley News Observer,http://www.crossettar.com
Florida ,Dardanelle Courier,http://www.couriernews.com
Florida ,DeQueen Bee,http://www.dequeen.com
Florida ,DeValls Bluff Times,http://www.herald-publishing.com
Florida ,DeWitt Era-Enterprise,http://www.dewitt-ee.com
Florida ,Dover Times,http://www.atkinschronicle.com/dover.htm
Florida ,El Dorado News-Times,http://www.eldoradonews.com
Florida ,Eureka Springs Lovely County Citizen,http://www.lovelycitizen.com
Florida ,Eureka Springs Times-Echo,http://www.eurekaspringstimesecho.com
Florida ,Fairfield Bay News,http://www.fairfieldbaynews.com
Florida ,Fayetteville Northwest Arkansas Times,http://www.nwanews.com/times
Florida ,Forest City Times-Herald,http://www.thnews.com
Florida ,Ft. Smith Southwest-Times Record,http://www.swtimes.com
Florida ,Glenwood Herald,http://www.nashvillenews.org/
Florida ,Greenwood Democrat,http://www.greenwooddemocrat.com
Florida ,Gurdon Times,http://www.picayune-times.com
Florida ,Hamburg Ashley County Ledger,http://www.ashleycountyledger.com
Florida ,Hampton South Arkansas Sun,http://www.southarkansassun.com
Florida ,Harrison Daily Times,http://www.harrisondailytimes.com
Florida ,Hazen Grand Prairie Herald,http://www.herald-publishing.com
Florida ,Heber Springs Sun-Times,http://www.thesuntimes.com
Florida ,Helena Daily World,http://www.helena-arkansas.com
Florida ,Hope Star,http://www.hopestar.com
Florida ,Hot Springs Sentinel-Record,http://www.hotsr.com
Florida ,Hot Springs Village Voice,http://www.hsvvoice.com
Florida ,Huntsville - Madison County Record,http://www.mcrecordonline.com
Florida ,Jacksonville Arkansas Leader,http://www.arkansasleader.com
Florida ,Jacksonville Patriot,http://www.jacksonvillepatriot.com
Florida ,Jonesboro Sun,http://www.jonesborosun.com
Florida ,Lonoke Democrat,http://www.lonokedemocrat.com
Florida ,Magnolia Banner News,http://www.bannernews.net
Florida ,Malvern Daily Record,http://www.malvern-online.com
Florida ,Manila Town Crier,http://www.thetown-crier.com
Florida ,Marion Salute,http://www.themarionsalute.com/
Florida ,Marked Tree Tri-City Tribune,http://www.tri-citytribune.com
Florida ,Maumelle Monitor,http://www.maumellemonitor.com
Florida ,Mena Star,http://www.menastar.com
Florida ,Monticello News,http://www.monticellonews.net/
Florida ,Morrilton Headlight News,http://www.headlightnews.com
Florida ,Mount Ida Montgomery County News,http://www.nashvillenews.org/
Florida ,Mt. Home Baxter Bulletin,http://www.baxterbulletinonline.com
Florida ,Murfreesboro Diamond,http://www.nashvillenews.org/
Florida ,Nashville Leader,http://www.nashvilleleader.com
Florida ,Nevada County Picayune,http://www.picayune-times.com/homepage.heitml?pubname=picayune
Florida ,Newport Daily Independent,http://www.newportindependent.com
Florida ,Newton County Times,http://www.newtoncountytimes.com
Florida ,North Little Rock Times,http://www.nlrtimes.com
Florida ,Northwest Arkansas Morning News (Fayetteville),http://www.nwaonline.net
Florida ,Northwest Arkansas Times (Fayetteville),http://www.nwarktimes.com
Florida ,Ozark Spectator,http://www.ozarkspectator.com
Florida ,Ozark Spectator,http://www.ozarkspectator.com
Florida ,Paragould Daily Press,http://www.paragoulddailypress.com
Florida ,Paris Express,http://www.paris-express.com
Florida ,Piggott Times,http://www.piggotttimes.com
Florida ,Pine Bluff Commercial,http://www.pbcommercial.com
Florida ,Rector Clay County Democrat,http://www.claycountydemocrat.com
Florida ,Russellville Courier,http://www.couriernews.com
Florida ,Salem News,http://news.mywebpal.com/index.cfm?pnpid=883
Florida ,Saline County Voice,http://www.salinecountyvoice.com/
Florida ,Searcy Daily Citizen,http://www.thedailycitizen.com
Florida ,Sheridan Headlight,http://www.thesheridanheadlight.com
Florida ,Siloam Springs Herald Leader,http://www.nwanews.com/leader
Florida ,Springdale-Rogers Morning News,http://www.nwaonline.net
Florida ,Stamps Lafayette County Press,http://www.lafayettecountypress.com
Florida ,Stuttgart Daily Leader,http://www.stuttgartdailyleader.com
Florida ,Texarkana Gazette,http://www.texarkanagazette.com
Florida ,Trumann Democrat,http://www.trumanndemocrat.com
Florida ,Van Buren Press Argus-Courier,http://www.pressargus.com
Florida ,Waldron News,http://www.waldronnews.com
Florida ,Walnut Ridge Times Dispatch,http://www.thetd.com
Florida ,West Memphis Evening Times,http://www.theeveningtimes.com
Florida ,Acton Vanguard News,http://www.vanguardnews.com/
Florida ,Alameda Times-Star,http://www.timesstar.com/
Florida ,Alturas Modoc County Record,http://www.modocrecord.com
Florida ,Antelope Valley Press,http://www.avpress.com/
Florida ,Arcata Eye,http://www.arcataeye.com/
Florida ,Arroyo Grande Times Press Recorder,http://www.timespressrecorder.com/
Florida ,Auburn Journal,http://www.auburnjournal.com
Florida ,Bakersfield Californian,http://www.bakersfield.com/
Florida ,Barstow Desert Dispatch,http://www.desertdispatch.com/
Florida ,Benicia News,http://www.benicianews.com/
Florida ,Berkeley East Bay Express,http://www.eastbayexpress.com/index.html
Florida ,Beverly Hills Weekly,http://www.bhweekly.com/
Florida ,Big Bear Lake Grizzly,http://www.bigbeargrizzly.net/
Florida ,Bishop Inyo Register,http://www.inyoregister.com/
Florida ,Blythe Desert Independent,http://www.thedesertinde.com/
Florida ,Burbank Leader,http://www.latimes.com/tcn/burbank/
Florida ,Calaveras Enterprise,http://www.calaverasenterprise.com
Florida ,Carmel Pine Cone,http://www.carmelpinecone.com/
Florida ,Carmichael Times,http://carmichaeltimes.com/
Florida ,Carpenteria Coastal View News,http://www.coastalview.com/
Florida ,Catalina Islander,http://www.islander.catalinatoday.com/
Florida ,Chester Progressive,http://www.plumasnews.com/index.edi
Florida ,Chico Enterprise-Record,http://www.chicoer.com/
Florida ,Chico Examiner,http://www.chicoexaminer.com/
Florida ,Chico News & Review,http://www.newsreview.com/issues/chico/2004-02-05/
Florida ,Clayton Pioneer,http://claytonpioneer.com/claytonpioneer/
Florida ,Clear Lake Observer American,http://www.clearlakeobserver.com
Florida ,Clipper Mills Rabbit Creek Journal,http://www.rcj.net/
Florida ,Concord Pioneer,http://concordpioneer.com/concordpioneer/
Florida ,Contra Costa Times,http://www.hotcoco.com/
Florida ,Coronado Eagle,http://www.coronadonewsca.com/
Florida ,Costa Mesa Daily Pilot,http://www.latimes.com/tcn/pilot/
Florida ,Costa Mesa Orange County Weekly,http://www.ocweekly.com
Florida ,Crescent City Daily Triplicate,http://www.triplicate.com
Florida ,Crestline Courier-News,http://www.crestlinecourier-news.com
Florida ,Culver City News,http://www.culvercitynews.com
Florida ,Cupertino Courier,http://www.cupertinocourier.com/
Florida ,Davis Enterprise,http://www.davisenterprise.com/
Florida ,Dixon Independent Voice,http://www.independentvoice.com/
Florida ,Downey Eagle,http://www.downeyeagle.com/
Florida ,El Centro Imperial Valley Press Online,http://www.ivpressonline.com/
Florida ,Elk Grove Citizen,http://www.egcitizen.com/
Florida ,Escondido North County Times,http://www.nctimes.com/
Florida ,Eureka Reporter,http://www.eurekareporter.com
Florida ,Eureka Times Standard,http://www.times-standard.com/
Florida ,Fairfield Daily Republic,http://www.dailyrepublic.com/
Florida ,Fall River Mills Mountain Echo,http://www.mountainecho.com/
Florida ,Fallbrook Village News,http://www.thevillagenewsnetwork.com
Florida ,Folsom Telegraph,http://folsomtelegraph.com
Florida ,Fontana Herald News,http://www.fontanaheraldnews.com/
Florida ,Fort Bragg Advocate News,http://www.advocate-news.com/
Florida ,Frazier Park Mountain Enterprise,http://www.mountainenterprise.com/
Florida ,Fremont Argus,http://www.theargusonline.com/
Florida ,Fresno Bee,http://www.fresnobee.com/
Florida ,Galt Herald,http://www.galtherald.com/
Florida ,Gilroy Dispatch,http://www.gilroydispatch.com/
Florida ,Glendale News-Press,http://www.latimes.com/tcn/glendale/
Florida ,Grass Valley Union,http://www.theunion.com/
Florida ,Half Moon Bay Review,http://www.hmbreview.com/
Florida ,Hanford Sentinel,http://www.hanfordsentinel.com/
Florida ,Hayward Daily Review,http://www.dailyreviewonline.com/
Florida ,Hemet Valley Chronicle,http://thevalleychronicle.com/
Florida ,Hermosa Beach Reporter,http://www.laindependent.com/
Florida ,Hollister Free Lance,http://www.freelancenews.com/
Florida ,Hollister Pinnacle News,http://www.pinnaclenews.com
Florida ,Huntington Beach Independent,http://www.hbindy.com/
Florida ,Huntington Beach News,http://www.hbnews.us/
Florida ,Idyllwild Town Crier,http://www.idyl.com/
Florida ,Indian Valley Record,http://www.plumasnews.com/
Florida ,Inland Valley Daily Bulletin,http://www.dailybulletin.com/
Florida ,Irvine World News,http://irvineworldnews.com/
Florida ,Kings City Rustler,http://www.kingcityrustler.com/
Florida ,Kingsburg Recorder,http://www.kingsburgrecorder.com
Florida ,L.A. Weekly,http://www.laweekly.com
Florida ,La Canada Valley Sun,http://www.lacanadaonline.com/
Florida ,La Opinion,http://www.laopinion.com/
Florida ,La Prensa-San Diego,http://www.laprensa-sandiego.org/
Florida ,Lake Arrowhead Mountain News,http://www.mountain-news.com/
Florida ,Lake County Record-Bee,http://www.record-bee.com/
Florida ,Lake Isabella Kern County Sun,http://www.kvsun.com/
Florida ,Livermore Independent,http://www.independentnews.com/
Florida ,Lodi News-Sentinel,http://www.lodinews.com/
Florida ,Lompoc Record,http://www.lompocrecord.com/
Florida ,Long Beach Gazettes,http://www.gazettes.com/
Florida ,Long Beach Press Telegram,http://www.ptconnect.com/
Florida ,Los Altos Town Crier,http://www.latc.com/
Florida ,Los Angeles Daily News,http://www.dailynews.com/
Florida ,Los Angeles Downtown News,http://www.downtownnews.com
Florida ,Los Angeles Independent,http://www.laindependent.com/
Florida ,Los Angeles Jewish Observer,http://www.jewishobserver-la.com/
Florida ,Los Angeles Times,http://www.latimes.com/
Florida ,Los Banos Enterprise,http://www.losbanosenterprise.com
Florida ,Los Gatos Daily News,http://www.losgatosdailynews.com/
Florida ,Los Gatos Weekly-Times,http://www.lgwt.com/
Florida ,Madera Tribune,http://www.maderatribune.com/
Florida ,Malibu Times,http://www.malibutimes.com/
Florida ,Mammoth Times,http://www.mammothtimes.com/
Florida ,Manhattan Beach Reporter,http://www.laindependent.com/
Florida ,Manteca Bulletin,http://www.mantecabulletin.com/
Florida ,Marin Independent Journal,http://www.marinij.com/
Florida ,Marina del Rey Argonaut,http://www.argonautnewspaper.com/
Florida ,Mariposa Weekly Gazette,http://www.mariposagazette.com/
Florida ,Marysville Appeal Democrat,http://www.appeal-democrat.com/
Florida ,Mendocino Beacon,http://www.mendocinobeacon.com/
Florida ,Menlo Park Almanac,http://www.almanacnews.com/
Florida ,Merced Sun-Star,http://www.mercedsun-star.com/
Florida ,Mercury News,http://www.bayarea.com/mld/mercurynews/
Florida ,Milpitas Post,http://www.themilpitaspost.com/
Florida ,Modesto Bee,http://www.modbee.com/
Florida ,Modoc County Record,http://www.modocrecord.com/
Florida ,Mojave Desert News,http://www.desertnews.com
Florida ,Monterey County Herald,http://www.montereyherald.com/mld/mcherald/
Florida ,Morgan Hill Times,http://www.morganhilltimes.com/
Florida ,Mt. Shasta News,http://www.mtshastanews.com/
Florida ,Napa Valley Register,http://www.napanews.com/
Florida ,Nevada City Union,http://www.theunion.com/
Florida ,Newport Beach OC Business Journal,http://www.ocbj.com
Florida ,North Lake Tahoe Bonanza,http://www.tahoebonanza.com/apps/pbcs.dll/frontpage
Florida ,Novato Advance,http://www.novatoadvance.com/
Florida ,Oakhurst Sierra Star,http://www.sierrastar.com/
Florida ,Oakland East Bay Express,http://www.eastbayexpress.com/
Florida ,Oakland Tribune,http://www.oaklandtribune.com
Florida ,Oceanside North County Times,http://www.nctimes.com/
Florida ,Ojai Valley News,http://www.ojaivalleynews.com/
Florida ,Ontario Daily Bulletin,http://www.dailybulletin.com/
Florida ,Orange County Register,http://www.ocregister.com/
Florida ,Oroville Mercury-Record,http://www.orovillemr.com/
Florida ,Pacific Palisades Palisadian-Post,http://www.palisadespost.com/
Florida ,Pacifica Tribune,http://www.pacificatribune.com/
Florida ,Palm Springs Desert Sun,http://www.desertsunonline.com/
Florida ,Palo Alto Online,http://www.paloaltoonline.com/
Florida ,Palos Verdes Peninsula News,http://www.pvnews.com/
Florida ,Paradise Post,http://www.paradisepost.com/
Florida ,Pasadena Star-News,http://www.pasadenastarnews.com/
Florida ,Penasquitos Corridor	News,http://www.pomeradonews.com/
Florida ,Petaluma Argus-Courier,http://www.arguscourier.com/
Florida ,Placerville Mountain Democrat,http://www.mtdemocrat.com/
Florida ,Pleasanton Tri-Valley Herald,http://www.trivalleyherald.com/
Florida ,Point Reyes Light,http://www.ptreyeslight.com/
Florida ,Porterville Recorder,http://www.portervillerecorder.com/
Florida ,Portola Reporter,http://www.plumasnews.com/
Florida ,Poway Corridor News,http://www.pomeradonews.com/
Florida ,Poway News-Chieftain,http://www.pomeradonews.com/
Florida ,Quincy Feather River Bulletin,http://www.plumasnews.com/
Florida ,Ramona Sentinel,http://www.ramonasentinel.com/
Florida ,Rancho Bernado News Journal,http://www.pomeradonews.com/
Florida ,Rancho Cucamonga Business Journal,http://www.busjournal.com
Florida ,Red Bluff Daily News,http://www.redbluffdailynews.com/
Florida ,Redding Record Searchlight,http://www.redding.com/
Florida ,Redlands Daily Facts,http://www.redlandsdailyfacts.com/
Florida ,Redondo Beach Reporter,http://www.laindependent.com/
Florida ,Ridgecrest Daily Independent,http://www.ridgecrestca.com/
Florida ,Riverside Press-Enterprise,http://www.pe.com/
Florida ,Rohnert Park Community Voice,http://www.rpcotatinews.com
Florida ,Roseville Press-Tribune,http://www.thepresstribune.com/
Florida ,Running Springs Alpenhorn News,http://www.thealpenhornnews.com
Florida ,Sacramento Bee,http://www.sacbee.com/
Florida ,Saint Helen Star,http://www.sthelenastar.com/home.html
Florida ,Salinas - The Californian,http://www.californianonline.com/
Florida ,San Bernardino County Sun,http://www.sbcsun.com/
Florida ,San Diego Coast News,http://www.thecoastnews.com/
Florida ,San Diego Community Newspaper Group,http://www.sdnews.com/
Florida ,San Diego Daily Transcript,http://www.sddt.com/
Florida ,San Diego Headline News,http://www.primenews.com/
Florida ,San Diego Union-Tribune,http://www.uniontrib.com/
Florida ,San Francisco Bay Guardian,http://www.sfbayguardian.com/
Florida ,San Francisco Business Times,http://sanfrancisco.bizjournals.com/sanfrancisco/
Florida ,San Francisco Chronicle,http://www.sfgate.com/
Florida ,San Francisco El Observador,http://www.el-observador.com/
Florida ,San Francisco Examiner,http://www.examiner.com
Florida ,San Francisco Weekly,http://www.sfweekly.com/
Florida ,San Gabriel Valley Tribune,http://www.sgvtribune.com/
Florida ,San Jose - Willow Glen Resident,http://www.wgresident.com
Florida ,San Jose Business Journal,http://sanjose.bizjournals.com/sanjose/
Florida ,San Jose Mercury News,http://www.sjmercury.com/
Florida ,San Jose Metro,http://www.metroactive.com/metro/
Florida ,San Luis Obispo New Times Weekly,http://www.newtimes-slo.com
Florida ,San Luis Obispo Telegram-Tribune,http://www.sanluisobispo.com/
Florida ,San Mateo County Times,http://www.sanmateocountytimes.com/
Florida ,San Mateo Daily Journal,http://www.smdailyjournal.com/
Florida ,Santa Barbara Independent,http://www.independent.com/
Florida ,Santa Barbara News-Press,http://www.newspress.com/
Florida ,Santa Barbara South Coast Beacon,http://www.scbeacon.com/
Florida ,Santa Clarita Valley Signal,http://www.the-signal.com/
Florida ,Santa Cruz Good Times,http://www.gdtimes.com/
Florida ,Santa Cruz Metro,http://www.metroactive.com/cruz/
Florida ,Santa Cruz Sentinel,http://www.santa-cruz.com/
Florida ,Santa Monica Mirror,http://www.smmirror.com
Florida ,Santa Paula Times,http://www.santapaulatimes.com/
Florida ,Santa Rosa Press Democrat,http://www.pressdemo.com/
Florida ,Saratoga News,http://www.saratoganews.com/
Florida ,Seaside Coast Weekly,http://www.coastweekly.com/
Florida ,Sebastopol Sonoma West Times & News,http://www.sonomawest.com/
Florida ,Selma Enterprise,http://www.selmaenterprise.com/
Florida ,Sonoma Index-Tribune,http://www.sonomanews.com/
Florida ,Sonora Union Democrat,http://home.uniondemocrat.com/
Florida ,Stockton Record,http://www.recordnet.com/
Florida ,Sunnyvale Sun,http://www.sunnyvalesun.com/
Florida ,Susanville Lassen County Times,http://www.lassennews.com/
Florida ,Taft Daily Midway Driller,http://www.taftmidwaydriller.com/
Florida ,Tahoe Daily Tribune,http://www.tahoedailytribune.com/apps/pbcs.dll/frontpage
Florida ,Tahoe World,http://www.tahoe-world.com/
Florida ,Tehachapi News,http://www.tehachapinews.com/
Florida ,Temecula Valley News,http://www.thevalleynewsnetwork.com
Florida ,Tiburon - The Ark,http://www.thearknewspaper.com
Florida ,Topanga Messenger,http://www.topangamessenger.com
Florida ,Torrance Daily Breeze,http://www.dailybreeze.com/
Florida ,Tracy Press,http://www.tracypress.com/
Florida ,Truckee Sierra Sun,http://www.sierrasun.com/
Florida ,Tulare Advance-Register,http://www.TulareAdvanceRegister.com
Florida ,Twentynine Palms Desert Trail,http://www.deserttrail.com/
Florida ,Ukiah Daily Journal,http://www.ukiahdailyjournal.com/
Florida ,Vacaville Reporter,http://www.thereporter.com/
Florida ,Vallejo Times-Herald,http://www.timesheraldonline.com/
Florida ,VallejoNews.com,http://www.vallejonews.com/
Florida ,Valley Center Roadrunner,http://www.valleycenter.com/
Florida ,Ventura County Star,http://www.staronline.com/
Florida ,Victorville Daily Press,http://www.vvdailypress.com/
Florida ,Visalia Times-Delta,http://www.VisaliaTimesDelta.com
Florida ,Visalia Valley Voice,http://www.valleyvoicenewspaper.com/
Florida ,Walnut Creek - North Bay Business Journal,http://www.busjrnl.com
Florida ,Walnut Creek Contra Costa Times,http://www.bayarea.com/mld/cctimes/
Florida ,Watsonville Register-Pajaronian,http://www.register-pajaronian.com
Florida ,Whittier Daily News,http://www.whittierdailynews.com/
Florida ,Woodland Daily Democrat,http://www.dailydemocrat.com/
Florida ,Woodland Hills Daily News,http://www.dailynewslosangeles.com/
Florida ,Yreka Siskiyou Daily News,http://www.siskiyoudaily.com/
Florida ,Yuba City Appeal-Democrat,http://www.appeal-democrat.com/
Florida ,Yucca Valley Hi-Desert Star,http://www.hidesertstar.com/
Florida ,Alamosa Valley Courier,http://www.alamosanews.com/
Florida ,Arvada Sentinel,http://www.arvadasentinel.com/1homebody.lasso
Florida ,Aspen Daily News,http://www.aspendailynews.com/
Florida ,Aspen Times,http://www.aspentimes.com/
Florida ,Aurora Sentinel,http://www.aurorasentinel.com
Florida ,Bayfield Pine River Times,http://www.pinerivertimes.com/
Florida ,Boulder County Business Report,http://www.bcbr.com
Florida ,Boulder Daily Camera,http://www.bouldernews.com/
Florida ,Boulder Weekly,http://www.boulderweekly.com
Florida ,Breckenridge - Summit Daily News,http://summitdaily.com/
Florida ,Brighton Standard Blade,http://www.metrowestfyi.com/standardblade/
Florida ,Brush News-Tribune,http://www.brushnewstribune.com/
Florida ,Buena Vista Chaffee County Times,http://www.chaffeecountytimes.com/
Florida ,Canon Daily Record,http://www.canoncitydailyrecord.com/
Florida ,Canyon Courier,http://www.canyoncourier.com/
Florida ,Carbon Valley Farmer & Miner,http://www.metrowestfyi.com/farmerminer/
Florida ,Carbondale Valley Journal,http://www.valley-journal.com/home.php
Florida ,Castle Rock Douglas County News Press,http://www.dcnewspress.com/
Florida ,Colorado Daily,http://www.coloradodaily.com/
Florida ,Colorado Springs Business Journal,http://www.csbj.com/
Florida ,Colorado Springs Gazette,http://www.gazette.com/
Florida ,Colorado Springs Hispania News,http://www.hispanianews.com/
Florida ,Colorado Springs Independent,http://www.csindy.com
Florida ,Commerce City Sentinel Express,http://www.metrowestfyi.com/sentinelexpress/
Florida ,Copper - Summit Daily News,http://summitdaily.com/
Florida ,Cortez Journal,http://www.cortezjournal.com
Florida ,Craig Daily Press,http://www.craigdailypress.com/
Florida ,Crested Butte News,http://www.crestedbuttenews.com/
Florida ,Delta County Independent,http://www.deltacountyindependent.com/
Florida ,Denver Business Journal,http://www.bizjournals.com/denver/
Florida ,Denver Post Online,http://www.denverpost.com/
Florida ,Denver Rocky Mountain News,http://www.rockymountainnews.com
Florida ,Denver Westword,http://www.westword.com
Florida ,Douglas County News-Press,http://www.dcnewspress.com/
Florida ,Durango Herald,http://www.durangoherald.com/
Florida ,Estes Park Trail Gazette,http://www.eptrail.com/
Florida ,Evergreen Canyon Courier,http://www.evergreenco.com/
Florida ,Fairplay Flume,http://www.theflume.com/
Florida ,Fort Collins Coloradoan,http://www.coloradoan.com
Florida ,Fort Collins Northern CO Business Report,http://www.ncbr.com
Florida ,Fort Collins Weekly,http://www.fortcollinsweekly.com/
Florida ,Fort Lupton Press,http://www.metrowestfyi.com/fortluptonpress/
Florida ,Fort Morgan Times,http://www.fortmorgantimes.com
Florida ,Frisco - Summit Daily News,http://www.summitdaily.com/
Florida ,Amity Observer,http://www.zwire.com/site/news.cfm?brd=1342
Florida ,Berlin Citizen,http://www.theberlincitizen.com/
Florida ,Bethany Bulletin,http://www.ctcentral.com/
Florida ,Bethel Beacon,http://www.bethelbeacon.com/
Florida ,Bloomfield Journal,http://www.bloomfieldjournal.com/
Florida ,Branford Review,http://www.branfordreview.com/
Florida ,Branford Sound,http://www.shorepublishing.com/
Florida ,Bridgeport Connecticut Post,http://www.connpost.com
Florida ,Bridgeport News,http://www.zwire.com/site/news.cfm?brd=1343
Florida ,Bristol Press,http://www.bristolpress.com
Florida ,Brookfield Journal,http://www.brookfieldjournal.com/
Florida ,Clinton Recorder,http://www.clintonrecorder.com/
Florida ,Danbury El Canillita,http://www.elcanillita.com/
Florida ,Danbury News-Times,http://www.newstimes.com/
Florida ,Darien News-Review,http://www.dariennews-review.com/
Florida ,East Hartford Gazette,http://www.EastHartfordGazette.com
Florida ,East Haven Advertiser,http://www.easthavenadvertiser.com/
Florida ,Easton Courier,http://www.zwire.com/site/news.cfm?brd=1344
Florida ,Fairfield Citizen-News,http://www.fairfieldcitizen-news.com/
Florida ,Fairfield County Weekly,http://www.fairfieldweekly.com/
Florida ,Farmington Valley News,http://www.ctcentral.com/
Florida ,Greenwich Time,http://www.greenwichtime.com/
Florida ,Guilford Courier,http://guilford.shorepublishing.com/
Florida ,Hamden Chronicle,http://www.hamdenchronicle.com/
Florida ,Hartford Advocate,http://www.hartfordadvocate.com/
Florida ,Hartford Bristol Press,http://www.bristolpress.com/
Florida ,Hartford Business Journal,http://www.hbjournal.com
Florida ,Hartford Commercial Record,http://www.commercialrecord.com/
Florida ,Hartford Courant,http://www.courant.com/
Florida ,Kent Good Times Dispatch,http://www.ctcentral.com/
Florida ,Lewisboro Ledger,http://www.acorn-online.com/lewis2.htm
Florida ,Litchfield County Times,http://www.countytimes.com/site/news.cfm?brd=2303
Florida ,Litchfield Enquirer,http://www.litchfieldenquirer.com/
Florida ,Madison Source,http://thesource.shorepublishing.com/
Florida ,Manchester Journal Inquirer,http://www.journalinquirer.com/
Florida ,Meriden Record-Journal,http://www.record-journal.com
Florida ,Middlefield Town Times,http://www.towntimes.com/
Florida ,Middletown Press,http://www.middletownpress.com/
Florida ,Milford Mirror,http://www.milfordmirror.com
Florida ,Monroe Courier,http://www.monroecourier.com
Florida ,New Britain Herald,http://www.newbritainherald.com/
Florida ,New Haven Advocate,http://www.newhavenadvocate.com/
Florida ,New Haven Business Times,http://www.ctbusinesstimes.com
Florida ,New Haven Register,http://www.nhregister.com
Florida ,New London Day,http://www.newlondonday.com/
Florida ,New Milford Spectrum,http://www.spectrum.newmilford.com/
Florida ,New Milford Times,http://www.newmilfordtimes.com/
Florida ,Newington Town Crier,http://www.newingtontowncrier.com/
Florida ,Newtown Bee,http://www.newtownbee.com/
Florida ,North Haven Post,http://www.northhavenpost.com/
Florida ,Norwalk Citizen-News,http://www.norwalkcitizen-news.com/
Florida ,Norwalk Hour,http://www.thehour.com/
Florida ,Norwich Bulletin,http://www.norwichbulletin.com
Florida ,Plainville Citizen,http://www.theplainvillecitizen.com/
Florida ,Redding Pilot,http://www.acorn-online.com/redding.htm
Florida ,Regional Standard,http://www.regionalstandard.com/
Florida ,Ridgefield Press,http://www.acorn-online.com/ridgef2.htm
Florida ,Rocky Hill Post,http://www.rockyhillpost.com/
Florida ,Seymour Valley Gazette,http://www.zwire.com/site/news.cfm?brd=1351
Florida ,Shelton Huntington Herald,http://www.zwire.com/site/news.cfm?brd=1346
Florida ,Shore Line Times,http://www.shorelinetimes.com/
Florida ,Stamford Advocate,http://www.stamfordadvocate.com/
Florida ,Stamford Fairfield County Weekly,http://www.fairfieldweekly.com
Florida ,Stonington Intelligencer,http://www.stoningtonct.com/
Florida ,Stratford Bard,http://www.stratfordbard.com/
Florida ,Torrington Register Citizen,http://www.registercitizen.com/
Florida ,Trumbull Times,http://www.zwire.com/news/newslist.cfm?brd=1350
Florida ,Valley Advocate,http://www.valleyadvocate.com/
Florida ,Wallingford People's Press,http://www.peoplespressnews.com/
Florida ,Waterbury Republican-American,http://www.rep-am.com/
Florida ,West Hartford News,http://www.westhartfordnews.com/
Florida ,West Haven News,http://www.westhavennews.com/
Florida ,West Haven Voice,http://www.whvoice.com/
Florida ,Westbrook Harbor News,http://harbornews.shorepublishing.com/
Florida ,Weston Forum,http://www.acorn-online.com/weston.htm
Florida ,Westport Minuteman,http://www.westportminuteman.com/
Florida ,Westport News,http://www.westport-news.com/
Florida ,Wethersfield Post,http://www.wethersfieldpost.com/
Florida ,Willimantic Chronicle,http://www.thechronicle.com
Florida ,Wilton Bulletin,http://www.acorn-online.com/wilton.htm
Florida ,Windsor Journal,http://www.windsorjournal.com/
Florida ,Windsor Locks Journal,http://www.windsorlocksjournal.com/
Florida ,Wolcott Community News,http://www.wolcottct.com/news/
Florida ,Bethany Beach Wave,http://www.delmarvanow.com/bethanybeach/index.html
Florida ,Chincoteague Beacon,http://www.delmarvanow.com/chincoteague/index.html
Florida ,Delaware Beachcomber,http://www.delmarvanow.com/debeachcomber/index.html
Florida ,Delaware Daily Times,http://www.delmarvanow.com/news/index.html
Florida ,Delaware State News,http://www.newszap.com/dover/
Florida ,Dewey Beach Coast Press,http://www.delmarvanow.com/deweybeach/index.html
Florida ,Dover Post,http://www.doverpost.com/
Florida ,Eastern Shore News,http://www.delmarvanow.com/easternshore/index.html
Florida ,"Independent Newspapers Inc. Harrington, Milford, Seaford",http://www.newszap.com/
Florida ,Middletown Transcript,http://www.middletowntranscript.com/
Florida ,New Castle Business Ledger,http://www.ncbl.com/
Florida ,Newark Post,http://www.ncbl.com/post
Florida ,Ocean City Times Press,http://www.delmarvanow.com/oceancity/index.html
Florida ,Ocean Pines Independent,http://www.delmarvanow.com/oceanpines/index.html
Florida ,Rehoboth Beach Cape Gazette,http://www.capegazette.com
Florida ,Smyrna-Clayton Sun Times,http://www.scsuntimes.com/
Florida ,Somerset Herald,http://www.delmarvanow.com/somerset/index.html
Florida ,University of Delaware Daily,http://www.mis4.udel.edu/udaily/index.html
Florida ,University of Delaware Review,http://www.review.udel.edu/
Florida ,Wilmington News Journal,http://www.delawareonline.com/newsjournal/
Florida ,Worcester County Messenger,http://www.delmarvanow.com/worcester/index.html
Florida ,Bolling AF Base Aviator,http://www.dcmilitary.com/aviator
Florida ,DC Military Services Newspapers,http://www.dcmilitary.com/
Florida ,Fort McNair Pentagram,http://www.dcmilitary.com/pentagram/
Florida ,Hill News,http://www.hillnews.com
Florida ,Information Times,http://www.informationtimes.com/
Florida ,The Common Denominator,http://www.thecommondenominator.com
Florida ,The Journal Online,http://www.jrnl.com/
Florida ,Voice of the Hill,http://www.voiceofthehill.com
Florida ,Washington Business Journal,http://washington.bizjournals.com/washington/
Florida ,Washington City Paper,http://www.washingtoncitypaper.com
Florida ,Washington Post,http://www.washingtonpost.com/
Florida ,Washington Roll Call,http://www.rollcall.com/
Florida ,Washington Technology Online,http://www.wtonline.com
Florida ,Washington Times,http://www.washtimes.com/
Florida ,Washington Town Hall,http://www.townhall.com/
Florida ,Alachua Today,http://www.alachuatoday.com/
Florida ,Anna Maria Island Sun,http://www.amisun.com/
Florida ,Apalachicola Times,http://www.apalachtimes.com/
Florida ,Bartow Polk County Democrat,http://www.polkcountydemocrat.com/
Florida ,Boca Grande Boca Beacon,http://www.bocabeacon.com/
Florida ,Boca Raton Basta Pinoy News,http://www.bastapinoy.com/
Florida ,Boca Raton News,http://www.bocaratonnews.com/
Florida ,Bonita Daily News,http://www.bonitanews.com/
Florida ,Bradenton Herald,http://www.bhip.com/
Florida ,Bradford County Telegraph,http://www.bctelegraph.com
Florida ,Brooksville Hernando Today,http://www.hernandotoday.com/
Florida ,Cedar Key Beacon,http://www.cedarkeybeacon.com/
Florida ,Charlotte Harbor Sun-Herald,http://www.sun-herald.com/
Florida ,Chiefland Citizen,http://www.chieflandcitizen.com/
Florida ,Chipley Bugle Newspaper,http://www.chipleybugle.com
Florida ,Citrus County Chronicle,http://www.chronicleonline.com/chronicle_online/
Florida ,Coral Gables Gazette,http://www.cggazette.com
Florida ,Coral Springs Our Town News,http://www.otnewsonline.com/
Florida ,Daytona Beach News-Journal,http://www.news-journalonline.com/
Florida ,Deland Beacon,http://www.delandbeacon.com/
Florida ,Destin Log,http://www.destin.com/
Florida ,Dunnellon Riverland News,http://www.chronicleonline.com/riverland_news/
Florida ,East Orlando Sun,http://www.eosun.com/
Florida ,Englewood Sun-Herald,http://www.sun-herald.com/
Florida ,Fernandida Beach News Leader,http://www.fbnewsleader.com/
Florida ,Florida Keys Keynoter,http://www.keynoter.com/
Florida ,Florida Star,http://www.thefloridastar.com/fs/index.php
Florida ,Fort Lauderdale Business Journal,http://southflorida.bizjournals.com/southflorida/
Florida ,Fort Lauderdale Sun-Sentinel,http://www.sun-sentinel.com/
Florida ,Fort Lauderdale Waterfront News,http://waterfront-news.com
Florida ,Fort Myers News-Press,http://www.news-press.com/
Florida ,Fort Pierce News,http://www.tcpalm.com/tcp/tribune
Florida ,Fort Walton Beach Daily News,http://www.nwfdailynews.com/
Florida ,Gainesville Florida Alligator,http://www.alligator.org/
Florida ,Gainesville Sun,http://www.sunone.com/
Florida ,High Springs Herald,http://www.highspringsherald.com/
Florida ,Jackson County Floridan,http://www.jcfloridan.com/
Florida ,Jacksonville Advocate,http://www.jacksonvilleadvocate.com/news/default.asp
Florida ,Jacksonville Beach Leader,http://www.beachesleader.com
Florida ,Jacksonville Business Journal,http://jacksonville.bizjournals.com/jacksonville/
Florida ,Jacksonville Daily Record,http://www.jaxdailyrecord.com
Florida ,Jacksonville Florida Times-Union,http://jacksonville.com/
Florida ,Jacksonville JaxAirNews,http://www.jaxairnews.com/
Florida ,Jupiter Courier,http://www1.tcpalm.com/tcp/jupiter_courier/
Florida ,Key Biscayne Islander News,http://www.key-biscayne.com/islander/
Florida ,Key Largo Independent,http://www.floridakeysnews.info/
Florida ,Key West KeysNews.com,http://www.keysnews.com/
Florida ,Lake Butler Union County Times,http://www.bctelegraph.com
Florida ,Lake City Journal,http://www.lakecityjournal.com
Florida ,Lake City Reporter,http://www.lakecityreporter.com
Florida ,Lake Placid News-Sun,http://www.newssun.com/
Florida ,Lakeland Ledger,http://www.theledger.com/
Florida ,Leesburg Daily Commercial,http://www.dailycommercial.com/
Florida ,Live Oak Suwannee Democrat,http://suwanneedemocrat.com
Florida ,Macclenny Baker County Stardard,http://www.bcstandard.com
Florida ,Madison County Carrier,http://www.greenepublishing.com/
Florida ,Marco Island Eagle,http://www.marcoeagle.com/
Florida ,Marco Island Sun-Times,http://www.marcosuntimes.com
Florida ,Marianna Jackson County Floridan,http://www.jcfloridan.com/
Florida ,Matlacha Pine Island News,http://www.pineislandnews.com/
Florida ,Mayport Mirror,http://www.mayportmirror.com/
Florida ,Melbourne Florida Today,http://www.flatoday.com/
Florida ,Miami New Times,http://www.miaminewtimes.com
Florida ,Miami Today,http://www.miamitodaynews.com
Florida ,Miami's Community Newspapers,http://www.communitynewspapers.com/
Florida ,Naples Daily News,http://www.naplesnews.com/
Florida ,Naples Everglades Echo,http://www.evergladesecho.com
Florida ,Naples Golden Gate Gazette,http://www.goldengategazette.com/
Florida ,Naples Net News,http://www.naplesnetnews.com/
Florida ,Naples Sun-Times,http://www.naplessuntimes.com/
Florida ,North Port Sun-Herald,http://www.sun-herald.com/
Florida ,Northwest Florida Daily News,http://www.nwfdailynews.com/
Florida ,Ocala Star-Banner,http://www.starbanner.com/
Florida ,Orange Park Clay Today,http://www.claytoday.biz
Florida ,Orlando Business Journal,http://orlando.bizjournals.com/orlando/
Florida ,Orlando Sentinel,http://www.orlandosentinel.com/
Florida ,Orlando Times,http://www.orlando-times.com/
Florida ,Orlando Weekly,http://orlandoweekly.com/
Florida ,Osceola News Gazette,http://www.oscnewsgazette.com/
Florida ,Palatka Daily News,http://www.palatkadailynews.com/
Florida ,Palm Beach Daily News,http://www.pbdailynews.com
Florida ,Palm Beach Post,http://www.pbpost.com/
Florida ,Panama City - The County Press,http://www.thecountypress.com
Florida ,Panama City News-Herald,http://www.newsherald.com/
Florida ,Pensacola Beach News,http://www.pbrla.com/news3.html
Florida ,Pensacola Independent/Florida Sun,http://www.independentfloridasun.com/
Florida ,Pensacola News Journal,http://www.gulfcoastgateway.com/
Florida ,Polk County Democrat,http://www.polkcountydemocrat.com/
Florida ,Port Saint Lucie Tribune,http://www.portsaintlucie.com/
Florida ,Port St. Joe Star,http://www.starfl.com
Florida ,Port St. Lucie News,http://www.tcpalm.com/tcp/stuart_news
Florida ,Riverland News,http://www.smcitizen.com/riverland_news/
Florida ,Royal Palm Beach Palms West Press,http://www.palmswestpress.com
Florida ,Santa Rosa Beach Walton Sun,http://www.waltonsun.com
Florida ,Sarasota Herald-Tribune,http://www.heraldtribune.com/
Florida ,Sarasota Pelican Press,http://www.pelicannews.com/
Florida ,Sebastian Sun,http://www.tcpalm.com/tcp/the_sun
Florida ,Sebring Highlands Today,http://www.highlandstoday.com
Florida ,Sebring News-Sun,http://www.newssun.com/
Florida ,South Florida Business Journal,http://southflorida.bizjournals.com/southflorida/
Florida ,South Florida Sun-Sentinel,http://www.sun-sentinel.com/
Florida ,South Marion Citizen,http://www.chronicleonline.com/smcitizen/
Florida ,Southwest Orlando Bulletin,http://www.southwestorlandobulletin.com/
Florida ,St. Augustine Record,http://staugustine.com/
Florida ,St. Petersburg Times,http://www.sptimes.com/
Florida ,Stuart News,http://www.stuartnews.com/
Florida ,Stuart News,http://www.tcpalm.com/tcp/stuart_news
Florida ,Sumter County Times,http://www.sumtercountytimes.com/sumter_county_times/
Florida ,Suwannee Democrat,http://www.suwanneedemocrat.com/suwannee/
Florida ,Tallahassee Democrat,http://www.tdo.com/
Florida ,Tampa Bay Business Journal,http://tampabay.bizjournals.com/tampabay/
Florida ,Tampa Bay Newspapers,http://www.tbnweekly.com/
Florida ,Tampa Tribune,http://www.tampatrib.com/
Florida ,Tavernier Reporter,http://www.upperkeysreporter.com/
Florida ,The Miami Herald,http://www.herald.com/
Florida ,The Villages Daily Sun,http://www.thevillagesdailysun.com/
Florida ,Venice Gondolier,http://www.venicegondolier.com/
Florida ,Vero Beach Press Journal,http://www.tcpalm.com/tcp/press_journal
Florida ,Wellington Palms West Press,http://www.palmswestpress.com
Florida ,Wellington-Royal Palm Crier,http://www.goTownCrier.com
Florida ,Williston Pioneer Sun News,http://www.willistonpioneer.com/
Florida ,Winter Garden West Orange Times,http://www.wotimes.com/
Florida ,Winter Haven News Chief,http://www.polkonline.com/
