Idaho ,Arco Advertiser,http://www.arcoadvertiser.com/
Idaho ,Benewah News,http://www.ruralnorthwest.com/benewah/index.htm
Idaho ,Boise Idaho Statesman,http://www.idahostatesman.com/
Idaho ,Bonners Ferry Northwest News,http://www.ruralnorthwest.com/
Idaho ,Burley South Idaho Press,http://www.southidahopress.com/
Idaho ,Challis Messenger,http://www.challismessenger.com/
Idaho ,Coeur d'Alene Press,http://www.cdapress.com/
Idaho ,Emmett Messenger-Index,http://www.messenger-index.com/
Idaho ,Hailey Wood River Journal,http://www.woodriverjournal.com/
Idaho ,Idaho Falls Post Register,http://www.idahonews.com/
Idaho ,Island Park News,http://www.islandparknews.com/
Idaho ,Ketchum Idaho Mountain Express,http://www.sunvalleycentral.com/
Idaho ,Kootenai Valley Press,http://www.kvpress.com/
Idaho ,Lewiston Morning Tribune,http://www.lmtribune.com/
Idaho ,Montpelier News-Examiner,http://www.news-examiner.net/
Idaho ,Moscow-Pullman Daily News,http://www.dnews.com
Idaho ,Mountain Home News,http://www.mountainhomenews.com/
Idaho ,Nampa Idaho Press-Tribune,http://www.idahopress.com
Idaho ,Orofino Clearwater Tribune,http://www.clearwatertribune.com/
Idaho ,Pocatello Idaho State Journal,http://www.journalnet.com/
Idaho ,Potlach Latah Eagle,http://www.lataheagle.com/
Idaho ,Rexburg Standard Journal,http://www.rexburgstandardjournal.com/
Idaho ,St. Maries Gazette Register,http://www.smgazette.com/news/index.php
Idaho ,Treasure Valley Christian News,http://www.tvcnews.org/
Idaho ,Twin Falls Times-News,http://www.magicvalley.com/
Idaho ,Weiser Signal-American,http://www.ruralnetwork.net/~newsroom/
