Massachusetts ,Alexander City Outlook,http://www.alexcityoutlook.com/
Massachusetts ,Andalusia Star News,http://www.andalusiastarnews.com
Massachusetts ,Athens News-Courier,http://www.enewscourier.com/
Massachusetts ,Atmore Advance,http://www.atmoreadvance.com/
Massachusetts ,Auburn Plainsman,http://www.theplainsman.com/
Massachusetts ,Birmingham Business Journal,http://www.amcity.com/birmingham/
Massachusetts ,Birmingham News,http://www.al.com/news/birminghamnews/
Massachusetts ,Birmingham Times,http://www.thebirminghamtimes.com/news/default.asp
Massachusetts ,Brewton Standard,http://www.brewtonstandard.com/
Massachusetts ,Carrollton Pickens County Herald,http://theherald.pickens.net/
Massachusetts ,Centre Post Online,http://www.postpaper.com/
Massachusetts ,Cherokee County Herald,http://news.mywebpal.com/index.cfm?pnpid=726
Massachusetts ,Citronelle Call News,http://www.thecallnews.com/
Massachusetts ,Clanton Advertiser,http://www.clantonadvertiser.com
Massachusetts ,Clarke County Democrat,http://www.clarkecountydemocrat.com/
Massachusetts ,Clay News,http://www.claynews.net/
Massachusetts ,Cleburne News,http://www.cleburnenews.com/
Massachusetts ,Crimson White,http://www.cw.ua.edu/
Massachusetts ,Cullman Times,http://www.cullmantimes.com/
Massachusetts ,Daleville Sun-Courier,http://www.southeastsun.com
Massachusetts ,Decatur Daily,http://www.decaturdaily.com/
Massachusetts ,Deep South Jewish Voice,http://www.deepsouthjewishvoice.com/
Massachusetts ,Demopolis Times,http://www.demopolistimes.com/
Massachusetts ,Dothan Eagle,http://www.dothaneagle.com/
Massachusetts ,Dothan Southeast Sun,http://www.southeastsun.com/
Massachusetts ,Eclectic Observer, http://www.TheEclecticObserver.com
Massachusetts ,Enterprise Ledger,http://www.eprisenow.com/
Massachusetts ,Eufaula Tribune,http://www.eufaulatribune.com/
Massachusetts ,Florence Times Daily,http://www.timesdaily.com/
Massachusetts ,Fort Payne Times Journal,http://www.times-journal.com/
Massachusetts ,Franklin County Times,http://www.franklincountytimes.com/
Massachusetts ,Ft. Rucker Army Flier,http://www.armyflier.com
Massachusetts ,Ft. Rucker News-Southeast Sun,http://www.southeastsun.com
Massachusetts ,Gadsden Messenger,http://www.gadsdenmessenger.com/
Massachusetts ,Gadsden Times,http://www.gadsdentimes.com/
Massachusetts ,Gardendale North Jefferson News,http://www.njeffersonnews.com
Massachusetts ,Gilbertown Choctaw Sun,http://www.choctawsun.com
Massachusetts ,Greenville Advocate,http://www.greenvilleadvocate.com/
Massachusetts ,Guntersville Advertiser-Gleam,http://www.advertisergleam.com/
Massachusetts ,Hartselle Enquirer,http://www.hartselleenquirer.com
Massachusetts ,Heflin Cleburne News,http://www.cleburnenews.com/
Massachusetts ,Huntsville Times,http://www.al.com/news/huntsvilletimes/
Massachusetts ,Huntsville Virtual Times,http://www.hsv.com/fntpage.html
Massachusetts ,Jackson South Alabamian,http://www.southalabamian.com
Massachusetts ,Jacksonville News,http://www.jaxnews.com/
Massachusetts ,Jasper Daily Mountain Eagle,http://www.mountaineagle.com/
Massachusetts ,Lanett Valley Times-News,http://www.valleytimes-news.com/
Massachusetts ,Livingston Record Journal,http://www.recordjournal.net/
Massachusetts ,Madison County Record,http://www.madisoncountyrecord.com/
Massachusetts ,Mobile Register,http://www.al.com/news/mobileregister/
Massachusetts ,Monroe Journal,http://www.monroejournal.com/
Massachusetts ,Montgomery Advertiser,http://www.montgomeryadvertiser.com/
Massachusetts ,Montgomery Independent,http://www.al.com/montgomery/
Massachusetts ,Northport Gazette,http://www.northportgazette.com
Massachusetts ,Opelika-Auburn News,http://www.oanow.com/
Massachusetts ,Oxford Independent,http://www.oxfordi.com
Massachusetts ,Rainsville Weekly Post,http://www.theweeklypost.com/
Massachusetts ,Roanoke -  The Randolph Leader,http://www.therandolphleader.com/
Massachusetts ,Sand Mountain Reporter,http://www.sandmountainreporter.com/
Massachusetts ,Scottsboro Daily Sentinel,http://www.thedailysentinel.com/
Massachusetts ,Selma Times-Journal,http://www.selmatimesjournal.com/
Massachusetts ,Shelby County Reporter,http://www.shelbycountyreporter.com/
Massachusetts ,St. Clair Times,http://www.dailyhome.com/stclair/dh-stclair.htm
Massachusetts ,Talladega Daily Home,http://www.dailyhome.com/
Massachusetts ,The Anniston Star,http://www.annistonstar.com/as-index.htm
Massachusetts ,Thomasville Times,http://www.thethomasvilletimes.com/
Massachusetts ,Troy Messenger,http://www.troymessenger.com
Massachusetts ,Tuscaloosa News,http://www.tuscaloosanews.com/
Massachusetts ,Wetumpka Herald,http://www.TheWetumpkaHerald.com
Massachusetts ,Alaska Star,http://www.alaskastar.com
Massachusetts ,Anchorage Daily News,http://www.adn.com
Massachusetts ,Anchorage Press,http://www.anchoragepress.com
Massachusetts ,Chilkat Valley News,http://www.chilkatvalleynews.com
Massachusetts ,Fairbanks Daily News-Miner,http://www.news-miner.com/
Massachusetts ,Homer Tribune,http://www.homertribune.com
Massachusetts ,Juneau Empire,http://www.juneauempire.com
Massachusetts ,Ketchikan Daily News,http://www.ketchikandailynews.com/
Massachusetts ,Kodiak Daily Mirror,http://www.kodiakdailymirror.com/
Massachusetts ,Nome Nugget,http://www.nomenugget.net/
Massachusetts ,Peninsula Clarion,http://www.peninsulaclarion.com
Massachusetts ,Petersburg Pilot,http://www.petersburgpilot.com
Massachusetts ,Skagway News,http://www.skagwaynews.com
Massachusetts ,Wasilla Frontiersman,http://www.frontiersman.com
Massachusetts ,Ahwatukee Foothills News,http://www.ahwatukee.com
Massachusetts ,Ajo Copper News,http://www.cunews.info
Massachusetts ,Apache Junction News,http://www.ajnews.com
Massachusetts ,Arizona Business Gazette,http://www.azcentral.com/abgnews
Massachusetts ,Arizona Capitol Times,http://www.azcapitoltimes.com
Massachusetts ,Arizona City Independent,http://www.zwire.com/site/news.cfm?brd=1817&pag=460&dept_ID=222089
Massachusetts ,Arizona Daily Star (Tucson),http://www.azstarnet.com
Massachusetts ,Arizona Daily Sun (Flagstaff),http://www.azdailysun.com
Massachusetts ,Alma Journal,http://www.almajournal.com
Massachusetts ,Arkadelphia Siftings Herald,http://www.siftingsherald.com
Massachusetts ,Arkansas Business Online,http://www.arkansasbusiness.com
Massachusetts ,Arkansas Democrat-Gazette,http://www.ardemgaz.com
Massachusetts ,Arkansas Times,http://www.arktimes.com
Massachusetts ,Atkins Chronicle,http://www.atkinschronicle.com
Massachusetts ,Batesville Arkansas Weekly,http://www.arkansasweekly.com
Massachusetts ,Batesville Daily Guard,http://www.guardonline.com
Massachusetts ,Beebe News,http://www.beebenews.com
Massachusetts ,Bella Vista Weekly Vista,http://www.nwanews.com/weeklyvista
Massachusetts ,Benton County Daily Record,http://www.nwanews.com/dailyrecord
Massachusetts ,Benton Courier,http://www.bentoncourier.com
Massachusetts ,Berryville Carroll County News,http://www.ccnweekend.com
Massachusetts ,Blytheville Courier News,http://www.blythevillecn.com
Massachusetts ,Booneville Democrat,http://www.boonevilledemocrat.com
Massachusetts ,Bryant Times,http://www.thebryanttimes.com
Massachusetts ,Cabot Star-Herald,http://www.cabotstarherald.com/cabot_star_herald/front/
Massachusetts ,Camden News,http://www.camdenarknews.com
Massachusetts ,Carlisle Independent,http://www.carlisleindependent.com/carlisle_independent/front/
Massachusetts ,Charleston Express,http://www.recordtimes.com
Massachusetts ,Cherokee Village Villager Journal,http://www.villageronline.com
Massachusetts ,Clarksville Johnson County Graphic,http://www.thegraphic.org
Massachusetts ,Clinton Van Buren County Democrat,http://www.vanburencountydem.com
Massachusetts ,Conway Log Cabin Democrat,http://www.thecabin.net
Massachusetts ,Crossett - Ashley News Observer,http://www.crossettar.com
Massachusetts ,Dardanelle Courier,http://www.couriernews.com
Massachusetts ,DeQueen Bee,http://www.dequeen.com
Massachusetts ,DeValls Bluff Times,http://www.herald-publishing.com
Massachusetts ,DeWitt Era-Enterprise,http://www.dewitt-ee.com
Massachusetts ,Dover Times,http://www.atkinschronicle.com/dover.htm
Massachusetts ,El Dorado News-Times,http://www.eldoradonews.com
Massachusetts ,Eureka Springs Lovely County Citizen,http://www.lovelycitizen.com
Massachusetts ,Eureka Springs Times-Echo,http://www.eurekaspringstimesecho.com
Massachusetts ,Fairfield Bay News,http://www.fairfieldbaynews.com
Massachusetts ,Fayetteville Northwest Arkansas Times,http://www.nwanews.com/times
Massachusetts ,Forest City Times-Herald,http://www.thnews.com
Massachusetts ,Ft. Smith Southwest-Times Record,http://www.swtimes.com
Massachusetts ,Glenwood Herald,http://www.nashvillenews.org/
Massachusetts ,Greenwood Democrat,http://www.greenwooddemocrat.com
Massachusetts ,Gurdon Times,http://www.picayune-times.com
Massachusetts ,Hamburg Ashley County Ledger,http://www.ashleycountyledger.com
Massachusetts ,Hampton South Arkansas Sun,http://www.southarkansassun.com
Massachusetts ,Harrison Daily Times,http://www.harrisondailytimes.com
Massachusetts ,Hazen Grand Prairie Herald,http://www.herald-publishing.com
Massachusetts ,Heber Springs Sun-Times,http://www.thesuntimes.com
Massachusetts ,Helena Daily World,http://www.helena-arkansas.com
Massachusetts ,Hope Star,http://www.hopestar.com
Massachusetts ,Hot Springs Sentinel-Record,http://www.hotsr.com
Massachusetts ,Hot Springs Village Voice,http://www.hsvvoice.com
Massachusetts ,Huntsville - Madison County Record,http://www.mcrecordonline.com
Massachusetts ,Jacksonville Arkansas Leader,http://www.arkansasleader.com
Massachusetts ,Jacksonville Patriot,http://www.jacksonvillepatriot.com
Massachusetts ,Jonesboro Sun,http://www.jonesborosun.com
Massachusetts ,Lonoke Democrat,http://www.lonokedemocrat.com
Massachusetts ,Magnolia Banner News,http://www.bannernews.net
Massachusetts ,Malvern Daily Record,http://www.malvern-online.com
Massachusetts ,Manila Town Crier,http://www.thetown-crier.com
Massachusetts ,Marion Salute,http://www.themarionsalute.com/
Massachusetts ,Marked Tree Tri-City Tribune,http://www.tri-citytribune.com
Massachusetts ,Maumelle Monitor,http://www.maumellemonitor.com
Massachusetts ,Mena Star,http://www.menastar.com
Massachusetts ,Monticello News,http://www.monticellonews.net/
Massachusetts ,Morrilton Headlight News,http://www.headlightnews.com
Massachusetts ,Mount Ida Montgomery County News,http://www.nashvillenews.org/
Massachusetts ,Mt. Home Baxter Bulletin,http://www.baxterbulletinonline.com
Massachusetts ,Murfreesboro Diamond,http://www.nashvillenews.org/
Massachusetts ,Nashville Leader,http://www.nashvilleleader.com
Massachusetts ,Nevada County Picayune,http://www.picayune-times.com/homepage.heitml?pubname=picayune
Massachusetts ,Newport Daily Independent,http://www.newportindependent.com
Massachusetts ,Newton County Times,http://www.newtoncountytimes.com
Massachusetts ,North Little Rock Times,http://www.nlrtimes.com
Massachusetts ,Northwest Arkansas Morning News (Fayetteville),http://www.nwaonline.net
Massachusetts ,Northwest Arkansas Times (Fayetteville),http://www.nwarktimes.com
Massachusetts ,Ozark Spectator,http://www.ozarkspectator.com
Massachusetts ,Ozark Spectator,http://www.ozarkspectator.com
Massachusetts ,Paragould Daily Press,http://www.paragoulddailypress.com
Massachusetts ,Paris Express,http://www.paris-express.com
Massachusetts ,Piggott Times,http://www.piggotttimes.com
Massachusetts ,Pine Bluff Commercial,http://www.pbcommercial.com
Massachusetts ,Rector Clay County Democrat,http://www.claycountydemocrat.com
Massachusetts ,Russellville Courier,http://www.couriernews.com
Massachusetts ,Salem News,http://news.mywebpal.com/index.cfm?pnpid=883
Massachusetts ,Saline County Voice,http://www.salinecountyvoice.com/
Massachusetts ,Searcy Daily Citizen,http://www.thedailycitizen.com
Massachusetts ,Sheridan Headlight,http://www.thesheridanheadlight.com
Massachusetts ,Siloam Springs Herald Leader,http://www.nwanews.com/leader
Massachusetts ,Springdale-Rogers Morning News,http://www.nwaonline.net
Massachusetts ,Stamps Lafayette County Press,http://www.lafayettecountypress.com
Massachusetts ,Stuttgart Daily Leader,http://www.stuttgartdailyleader.com
Massachusetts ,Texarkana Gazette,http://www.texarkanagazette.com
Massachusetts ,Trumann Democrat,http://www.trumanndemocrat.com
Massachusetts ,Van Buren Press Argus-Courier,http://www.pressargus.com
Massachusetts ,Waldron News,http://www.waldronnews.com
Massachusetts ,Walnut Ridge Times Dispatch,http://www.thetd.com
Massachusetts ,West Memphis Evening Times,http://www.theeveningtimes.com
Massachusetts ,Acton Vanguard News,http://www.vanguardnews.com/
Massachusetts ,Alameda Times-Star,http://www.timesstar.com/
Massachusetts ,Alturas Modoc County Record,http://www.modocrecord.com
Massachusetts ,Antelope Valley Press,http://www.avpress.com/
Massachusetts ,Arcata Eye,http://www.arcataeye.com/
Massachusetts ,Arroyo Grande Times Press Recorder,http://www.timespressrecorder.com/
Massachusetts ,Auburn Journal,http://www.auburnjournal.com
Massachusetts ,Bakersfield Californian,http://www.bakersfield.com/
Massachusetts ,Barstow Desert Dispatch,http://www.desertdispatch.com/
Massachusetts ,Benicia News,http://www.benicianews.com/
Massachusetts ,Berkeley East Bay Express,http://www.eastbayexpress.com/index.html
Massachusetts ,Beverly Hills Weekly,http://www.bhweekly.com/
Massachusetts ,Big Bear Lake Grizzly,http://www.bigbeargrizzly.net/
Massachusetts ,Bishop Inyo Register,http://www.inyoregister.com/
Massachusetts ,Blythe Desert Independent,http://www.thedesertinde.com/
Massachusetts ,Burbank Leader,http://www.latimes.com/tcn/burbank/
Massachusetts ,Calaveras Enterprise,http://www.calaverasenterprise.com
Massachusetts ,Carmel Pine Cone,http://www.carmelpinecone.com/
Massachusetts ,Carmichael Times,http://carmichaeltimes.com/
Massachusetts ,Carpenteria Coastal View News,http://www.coastalview.com/
Massachusetts ,Catalina Islander,http://www.islander.catalinatoday.com/
Massachusetts ,Chester Progressive,http://www.plumasnews.com/index.edi
Massachusetts ,Chico Enterprise-Record,http://www.chicoer.com/
Massachusetts ,Chico Examiner,http://www.chicoexaminer.com/
Massachusetts ,Chico News & Review,http://www.newsreview.com/issues/chico/2004-02-05/
Massachusetts ,Clayton Pioneer,http://claytonpioneer.com/claytonpioneer/
Massachusetts ,Clear Lake Observer American,http://www.clearlakeobserver.com
Massachusetts ,Clipper Mills Rabbit Creek Journal,http://www.rcj.net/
Massachusetts ,Concord Pioneer,http://concordpioneer.com/concordpioneer/
Massachusetts ,Contra Costa Times,http://www.hotcoco.com/
Massachusetts ,Coronado Eagle,http://www.coronadonewsca.com/
Massachusetts ,Costa Mesa Daily Pilot,http://www.latimes.com/tcn/pilot/
Massachusetts ,Costa Mesa Orange County Weekly,http://www.ocweekly.com
Massachusetts ,Crescent City Daily Triplicate,http://www.triplicate.com
Massachusetts ,Crestline Courier-News,http://www.crestlinecourier-news.com
Massachusetts ,Culver City News,http://www.culvercitynews.com
Massachusetts ,Cupertino Courier,http://www.cupertinocourier.com/
Massachusetts ,Davis Enterprise,http://www.davisenterprise.com/
Massachusetts ,Dixon Independent Voice,http://www.independentvoice.com/
Massachusetts ,Downey Eagle,http://www.downeyeagle.com/
Massachusetts ,El Centro Imperial Valley Press Online,http://www.ivpressonline.com/
Massachusetts ,Elk Grove Citizen,http://www.egcitizen.com/
Massachusetts ,Escondido North County Times,http://www.nctimes.com/
Massachusetts ,Eureka Reporter,http://www.eurekareporter.com
Massachusetts ,Eureka Times Standard,http://www.times-standard.com/
Massachusetts ,Fairfield Daily Republic,http://www.dailyrepublic.com/
Massachusetts ,Fall River Mills Mountain Echo,http://www.mountainecho.com/
Massachusetts ,Fallbrook Village News,http://www.thevillagenewsnetwork.com
Massachusetts ,Folsom Telegraph,http://folsomtelegraph.com
Massachusetts ,Fontana Herald News,http://www.fontanaheraldnews.com/
Massachusetts ,Fort Bragg Advocate News,http://www.advocate-news.com/
Massachusetts ,Frazier Park Mountain Enterprise,http://www.mountainenterprise.com/
Massachusetts ,Fremont Argus,http://www.theargusonline.com/
Massachusetts ,Fresno Bee,http://www.fresnobee.com/
Massachusetts ,Galt Herald,http://www.galtherald.com/
Massachusetts ,Gilroy Dispatch,http://www.gilroydispatch.com/
Massachusetts ,Glendale News-Press,http://www.latimes.com/tcn/glendale/
Massachusetts ,Grass Valley Union,http://www.theunion.com/
Massachusetts ,Half Moon Bay Review,http://www.hmbreview.com/
Massachusetts ,Hanford Sentinel,http://www.hanfordsentinel.com/
Massachusetts ,Hayward Daily Review,http://www.dailyreviewonline.com/
Massachusetts ,Hemet Valley Chronicle,http://thevalleychronicle.com/
Massachusetts ,Hermosa Beach Reporter,http://www.laindependent.com/
Massachusetts ,Hollister Free Lance,http://www.freelancenews.com/
Massachusetts ,Hollister Pinnacle News,http://www.pinnaclenews.com
Massachusetts ,Huntington Beach Independent,http://www.hbindy.com/
Massachusetts ,Huntington Beach News,http://www.hbnews.us/
Massachusetts ,Idyllwild Town Crier,http://www.idyl.com/
Massachusetts ,Indian Valley Record,http://www.plumasnews.com/
Massachusetts ,Inland Valley Daily Bulletin,http://www.dailybulletin.com/
Massachusetts ,Irvine World News,http://irvineworldnews.com/
Massachusetts ,Kings City Rustler,http://www.kingcityrustler.com/
Massachusetts ,Kingsburg Recorder,http://www.kingsburgrecorder.com
Massachusetts ,L.A. Weekly,http://www.laweekly.com
Massachusetts ,La Canada Valley Sun,http://www.lacanadaonline.com/
Massachusetts ,La Opinion,http://www.laopinion.com/
Massachusetts ,La Prensa-San Diego,http://www.laprensa-sandiego.org/
Massachusetts ,Lake Arrowhead Mountain News,http://www.mountain-news.com/
Massachusetts ,Lake County Record-Bee,http://www.record-bee.com/
Massachusetts ,Lake Isabella Kern County Sun,http://www.kvsun.com/
Massachusetts ,Livermore Independent,http://www.independentnews.com/
Massachusetts ,Lodi News-Sentinel,http://www.lodinews.com/
Massachusetts ,Lompoc Record,http://www.lompocrecord.com/
Massachusetts ,Long Beach Gazettes,http://www.gazettes.com/
Massachusetts ,Long Beach Press Telegram,http://www.ptconnect.com/
Massachusetts ,Los Altos Town Crier,http://www.latc.com/
Massachusetts ,Los Angeles Daily News,http://www.dailynews.com/
Massachusetts ,Los Angeles Downtown News,http://www.downtownnews.com
Massachusetts ,Los Angeles Independent,http://www.laindependent.com/
Massachusetts ,Los Angeles Jewish Observer,http://www.jewishobserver-la.com/
Massachusetts ,Los Angeles Times,http://www.latimes.com/
Massachusetts ,Los Banos Enterprise,http://www.losbanosenterprise.com
Massachusetts ,Los Gatos Daily News,http://www.losgatosdailynews.com/
Massachusetts ,Los Gatos Weekly-Times,http://www.lgwt.com/
Massachusetts ,Madera Tribune,http://www.maderatribune.com/
Massachusetts ,Malibu Times,http://www.malibutimes.com/
Massachusetts ,Mammoth Times,http://www.mammothtimes.com/
Massachusetts ,Manhattan Beach Reporter,http://www.laindependent.com/
Massachusetts ,Manteca Bulletin,http://www.mantecabulletin.com/
Massachusetts ,Marin Independent Journal,http://www.marinij.com/
Massachusetts ,Marina del Rey Argonaut,http://www.argonautnewspaper.com/
Massachusetts ,Mariposa Weekly Gazette,http://www.mariposagazette.com/
Massachusetts ,Marysville Appeal Democrat,http://www.appeal-democrat.com/
Massachusetts ,Mendocino Beacon,http://www.mendocinobeacon.com/
Massachusetts ,Menlo Park Almanac,http://www.almanacnews.com/
Massachusetts ,Merced Sun-Star,http://www.mercedsun-star.com/
Massachusetts ,Mercury News,http://www.bayarea.com/mld/mercurynews/
Massachusetts ,Milpitas Post,http://www.themilpitaspost.com/
Massachusetts ,Modesto Bee,http://www.modbee.com/
Massachusetts ,Modoc County Record,http://www.modocrecord.com/
Massachusetts ,Mojave Desert News,http://www.desertnews.com
Massachusetts ,Monterey County Herald,http://www.montereyherald.com/mld/mcherald/
Massachusetts ,Morgan Hill Times,http://www.morganhilltimes.com/
Massachusetts ,Mt. Shasta News,http://www.mtshastanews.com/
Massachusetts ,Napa Valley Register,http://www.napanews.com/
Massachusetts ,Nevada City Union,http://www.theunion.com/
Massachusetts ,Newport Beach OC Business Journal,http://www.ocbj.com
Massachusetts ,North Lake Tahoe Bonanza,http://www.tahoebonanza.com/apps/pbcs.dll/frontpage
Massachusetts ,Novato Advance,http://www.novatoadvance.com/
Massachusetts ,Oakhurst Sierra Star,http://www.sierrastar.com/
Massachusetts ,Oakland East Bay Express,http://www.eastbayexpress.com/
Massachusetts ,Oakland Tribune,http://www.oaklandtribune.com
Massachusetts ,Oceanside North County Times,http://www.nctimes.com/
Massachusetts ,Ojai Valley News,http://www.ojaivalleynews.com/
Massachusetts ,Ontario Daily Bulletin,http://www.dailybulletin.com/
Massachusetts ,Orange County Register,http://www.ocregister.com/
Massachusetts ,Oroville Mercury-Record,http://www.orovillemr.com/
Massachusetts ,Pacific Palisades Palisadian-Post,http://www.palisadespost.com/
Massachusetts ,Pacifica Tribune,http://www.pacificatribune.com/
Massachusetts ,Palm Springs Desert Sun,http://www.desertsunonline.com/
Massachusetts ,Palo Alto Online,http://www.paloaltoonline.com/
Massachusetts ,Palos Verdes Peninsula News,http://www.pvnews.com/
Massachusetts ,Paradise Post,http://www.paradisepost.com/
Massachusetts ,Pasadena Star-News,http://www.pasadenastarnews.com/
Massachusetts ,Penasquitos Corridor	News,http://www.pomeradonews.com/
Massachusetts ,Petaluma Argus-Courier,http://www.arguscourier.com/
Massachusetts ,Placerville Mountain Democrat,http://www.mtdemocrat.com/
Massachusetts ,Pleasanton Tri-Valley Herald,http://www.trivalleyherald.com/
Massachusetts ,Point Reyes Light,http://www.ptreyeslight.com/
Massachusetts ,Porterville Recorder,http://www.portervillerecorder.com/
Massachusetts ,Portola Reporter,http://www.plumasnews.com/
Massachusetts ,Poway Corridor News,http://www.pomeradonews.com/
Massachusetts ,Poway News-Chieftain,http://www.pomeradonews.com/
Massachusetts ,Quincy Feather River Bulletin,http://www.plumasnews.com/
Massachusetts ,Ramona Sentinel,http://www.ramonasentinel.com/
Massachusetts ,Rancho Bernado News Journal,http://www.pomeradonews.com/
Massachusetts ,Rancho Cucamonga Business Journal,http://www.busjournal.com
Massachusetts ,Red Bluff Daily News,http://www.redbluffdailynews.com/
Massachusetts ,Redding Record Searchlight,http://www.redding.com/
Massachusetts ,Redlands Daily Facts,http://www.redlandsdailyfacts.com/
Massachusetts ,Redondo Beach Reporter,http://www.laindependent.com/
Massachusetts ,Ridgecrest Daily Independent,http://www.ridgecrestca.com/
Massachusetts ,Riverside Press-Enterprise,http://www.pe.com/
Massachusetts ,Rohnert Park Community Voice,http://www.rpcotatinews.com
Massachusetts ,Roseville Press-Tribune,http://www.thepresstribune.com/
Massachusetts ,Running Springs Alpenhorn News,http://www.thealpenhornnews.com
Massachusetts ,Sacramento Bee,http://www.sacbee.com/
Massachusetts ,Saint Helen Star,http://www.sthelenastar.com/home.html
Massachusetts ,Salinas - The Californian,http://www.californianonline.com/
Massachusetts ,San Bernardino County Sun,http://www.sbcsun.com/
Massachusetts ,San Diego Coast News,http://www.thecoastnews.com/
Massachusetts ,San Diego Community Newspaper Group,http://www.sdnews.com/
Massachusetts ,San Diego Daily Transcript,http://www.sddt.com/
Massachusetts ,San Diego Headline News,http://www.primenews.com/
Massachusetts ,San Diego Union-Tribune,http://www.uniontrib.com/
Massachusetts ,San Francisco Bay Guardian,http://www.sfbayguardian.com/
Massachusetts ,San Francisco Business Times,http://sanfrancisco.bizjournals.com/sanfrancisco/
Massachusetts ,San Francisco Chronicle,http://www.sfgate.com/
Massachusetts ,San Francisco El Observador,http://www.el-observador.com/
Massachusetts ,San Francisco Examiner,http://www.examiner.com
Massachusetts ,San Francisco Weekly,http://www.sfweekly.com/
Massachusetts ,San Gabriel Valley Tribune,http://www.sgvtribune.com/
Massachusetts ,San Jose - Willow Glen Resident,http://www.wgresident.com
Massachusetts ,San Jose Business Journal,http://sanjose.bizjournals.com/sanjose/
Massachusetts ,San Jose Mercury News,http://www.sjmercury.com/
Massachusetts ,San Jose Metro,http://www.metroactive.com/metro/
Massachusetts ,San Luis Obispo New Times Weekly,http://www.newtimes-slo.com
Massachusetts ,San Luis Obispo Telegram-Tribune,http://www.sanluisobispo.com/
Massachusetts ,San Mateo County Times,http://www.sanmateocountytimes.com/
Massachusetts ,San Mateo Daily Journal,http://www.smdailyjournal.com/
Massachusetts ,Santa Barbara Independent,http://www.independent.com/
Massachusetts ,Santa Barbara News-Press,http://www.newspress.com/
Massachusetts ,Santa Barbara South Coast Beacon,http://www.scbeacon.com/
Massachusetts ,Santa Clarita Valley Signal,http://www.the-signal.com/
Massachusetts ,Santa Cruz Good Times,http://www.gdtimes.com/
Massachusetts ,Santa Cruz Metro,http://www.metroactive.com/cruz/
Massachusetts ,Santa Cruz Sentinel,http://www.santa-cruz.com/
Massachusetts ,Santa Monica Mirror,http://www.smmirror.com
Massachusetts ,Santa Paula Times,http://www.santapaulatimes.com/
Massachusetts ,Santa Rosa Press Democrat,http://www.pressdemo.com/
Massachusetts ,Saratoga News,http://www.saratoganews.com/
Massachusetts ,Seaside Coast Weekly,http://www.coastweekly.com/
Massachusetts ,Sebastopol Sonoma West Times & News,http://www.sonomawest.com/
Massachusetts ,Selma Enterprise,http://www.selmaenterprise.com/
Massachusetts ,Sonoma Index-Tribune,http://www.sonomanews.com/
Massachusetts ,Sonora Union Democrat,http://home.uniondemocrat.com/
Massachusetts ,Stockton Record,http://www.recordnet.com/
Massachusetts ,Sunnyvale Sun,http://www.sunnyvalesun.com/
Massachusetts ,Susanville Lassen County Times,http://www.lassennews.com/
Massachusetts ,Taft Daily Midway Driller,http://www.taftmidwaydriller.com/
Massachusetts ,Tahoe Daily Tribune,http://www.tahoedailytribune.com/apps/pbcs.dll/frontpage
Massachusetts ,Tahoe World,http://www.tahoe-world.com/
Massachusetts ,Tehachapi News,http://www.tehachapinews.com/
Massachusetts ,Temecula Valley News,http://www.thevalleynewsnetwork.com
Massachusetts ,Tiburon - The Ark,http://www.thearknewspaper.com
Massachusetts ,Topanga Messenger,http://www.topangamessenger.com
Massachusetts ,Torrance Daily Breeze,http://www.dailybreeze.com/
Massachusetts ,Tracy Press,http://www.tracypress.com/
Massachusetts ,Truckee Sierra Sun,http://www.sierrasun.com/
Massachusetts ,Tulare Advance-Register,http://www.TulareAdvanceRegister.com
Massachusetts ,Twentynine Palms Desert Trail,http://www.deserttrail.com/
Massachusetts ,Ukiah Daily Journal,http://www.ukiahdailyjournal.com/
Massachusetts ,Vacaville Reporter,http://www.thereporter.com/
Massachusetts ,Vallejo Times-Herald,http://www.timesheraldonline.com/
Massachusetts ,VallejoNews.com,http://www.vallejonews.com/
Massachusetts ,Valley Center Roadrunner,http://www.valleycenter.com/
Massachusetts ,Ventura County Star,http://www.staronline.com/
Massachusetts ,Victorville Daily Press,http://www.vvdailypress.com/
Massachusetts ,Visalia Times-Delta,http://www.VisaliaTimesDelta.com
Massachusetts ,Visalia Valley Voice,http://www.valleyvoicenewspaper.com/
Massachusetts ,Walnut Creek - North Bay Business Journal,http://www.busjrnl.com
Massachusetts ,Walnut Creek Contra Costa Times,http://www.bayarea.com/mld/cctimes/
Massachusetts ,Watsonville Register-Pajaronian,http://www.register-pajaronian.com
Massachusetts ,Whittier Daily News,http://www.whittierdailynews.com/
Massachusetts ,Woodland Daily Democrat,http://www.dailydemocrat.com/
Massachusetts ,Woodland Hills Daily News,http://www.dailynewslosangeles.com/
Massachusetts ,Yreka Siskiyou Daily News,http://www.siskiyoudaily.com/
Massachusetts ,Yuba City Appeal-Democrat,http://www.appeal-democrat.com/
Massachusetts ,Yucca Valley Hi-Desert Star,http://www.hidesertstar.com/
Massachusetts ,Alamosa Valley Courier,http://www.alamosanews.com/
Massachusetts ,Arvada Sentinel,http://www.arvadasentinel.com/1homebody.lasso
Massachusetts ,Aspen Daily News,http://www.aspendailynews.com/
Massachusetts ,Aspen Times,http://www.aspentimes.com/
Massachusetts ,Aurora Sentinel,http://www.aurorasentinel.com
Massachusetts ,Bayfield Pine River Times,http://www.pinerivertimes.com/
Massachusetts ,Boulder County Business Report,http://www.bcbr.com
Massachusetts ,Boulder Daily Camera,http://www.bouldernews.com/
Massachusetts ,Boulder Weekly,http://www.boulderweekly.com
Massachusetts ,Breckenridge - Summit Daily News,http://summitdaily.com/
Massachusetts ,Brighton Standard Blade,http://www.metrowestfyi.com/standardblade/
Massachusetts ,Brush News-Tribune,http://www.brushnewstribune.com/
Massachusetts ,Buena Vista Chaffee County Times,http://www.chaffeecountytimes.com/
Massachusetts ,Canon Daily Record,http://www.canoncitydailyrecord.com/
Massachusetts ,Canyon Courier,http://www.canyoncourier.com/
Massachusetts ,Carbon Valley Farmer & Miner,http://www.metrowestfyi.com/farmerminer/
Massachusetts ,Carbondale Valley Journal,http://www.valley-journal.com/home.php
Massachusetts ,Castle Rock Douglas County News Press,http://www.dcnewspress.com/
Massachusetts ,Colorado Daily,http://www.coloradodaily.com/
Massachusetts ,Colorado Springs Business Journal,http://www.csbj.com/
Massachusetts ,Colorado Springs Gazette,http://www.gazette.com/
Massachusetts ,Colorado Springs Hispania News,http://www.hispanianews.com/
Massachusetts ,Colorado Springs Independent,http://www.csindy.com
Massachusetts ,Commerce City Sentinel Express,http://www.metrowestfyi.com/sentinelexpress/
Massachusetts ,Copper - Summit Daily News,http://summitdaily.com/
Massachusetts ,Cortez Journal,http://www.cortezjournal.com
Massachusetts ,Craig Daily Press,http://www.craigdailypress.com/
Massachusetts ,Crested Butte News,http://www.crestedbuttenews.com/
Massachusetts ,Delta County Independent,http://www.deltacountyindependent.com/
Massachusetts ,Denver Business Journal,http://www.bizjournals.com/denver/
Massachusetts ,Denver Post Online,http://www.denverpost.com/
Massachusetts ,Denver Rocky Mountain News,http://www.rockymountainnews.com
Massachusetts ,Denver Westword,http://www.westword.com
Massachusetts ,Douglas County News-Press,http://www.dcnewspress.com/
Massachusetts ,Durango Herald,http://www.durangoherald.com/
Massachusetts ,Estes Park Trail Gazette,http://www.eptrail.com/
Massachusetts ,Evergreen Canyon Courier,http://www.evergreenco.com/
Massachusetts ,Fairplay Flume,http://www.theflume.com/
Massachusetts ,Fort Collins Coloradoan,http://www.coloradoan.com
Massachusetts ,Fort Collins Northern CO Business Report,http://www.ncbr.com
Massachusetts ,Fort Collins Weekly,http://www.fortcollinsweekly.com/
Massachusetts ,Fort Lupton Press,http://www.metrowestfyi.com/fortluptonpress/
Massachusetts ,Fort Morgan Times,http://www.fortmorgantimes.com
Massachusetts ,Frisco - Summit Daily News,http://www.summitdaily.com/
Massachusetts ,Amity Observer,http://www.zwire.com/site/news.cfm?brd=1342
Massachusetts ,Berlin Citizen,http://www.theberlincitizen.com/
Massachusetts ,Bethany Bulletin,http://www.ctcentral.com/
Massachusetts ,Bethel Beacon,http://www.bethelbeacon.com/
Massachusetts ,Bloomfield Journal,http://www.bloomfieldjournal.com/
Massachusetts ,Branford Review,http://www.branfordreview.com/
Massachusetts ,Branford Sound,http://www.shorepublishing.com/
Massachusetts ,Bridgeport Connecticut Post,http://www.connpost.com
Massachusetts ,Bridgeport News,http://www.zwire.com/site/news.cfm?brd=1343
Massachusetts ,Bristol Press,http://www.bristolpress.com
Massachusetts ,Brookfield Journal,http://www.brookfieldjournal.com/
Massachusetts ,Clinton Recorder,http://www.clintonrecorder.com/
Massachusetts ,Danbury El Canillita,http://www.elcanillita.com/
Massachusetts ,Danbury News-Times,http://www.newstimes.com/
Massachusetts ,Darien News-Review,http://www.dariennews-review.com/
Massachusetts ,East Hartford Gazette,http://www.EastHartfordGazette.com
Massachusetts ,East Haven Advertiser,http://www.easthavenadvertiser.com/
Massachusetts ,Easton Courier,http://www.zwire.com/site/news.cfm?brd=1344
Massachusetts ,Fairfield Citizen-News,http://www.fairfieldcitizen-news.com/
Massachusetts ,Fairfield County Weekly,http://www.fairfieldweekly.com/
Massachusetts ,Farmington Valley News,http://www.ctcentral.com/
Massachusetts ,Greenwich Time,http://www.greenwichtime.com/
Massachusetts ,Guilford Courier,http://guilford.shorepublishing.com/
Massachusetts ,Hamden Chronicle,http://www.hamdenchronicle.com/
Massachusetts ,Hartford Advocate,http://www.hartfordadvocate.com/
Massachusetts ,Hartford Bristol Press,http://www.bristolpress.com/
Massachusetts ,Hartford Business Journal,http://www.hbjournal.com
Massachusetts ,Hartford Commercial Record,http://www.commercialrecord.com/
Massachusetts ,Hartford Courant,http://www.courant.com/
Massachusetts ,Kent Good Times Dispatch,http://www.ctcentral.com/
Massachusetts ,Lewisboro Ledger,http://www.acorn-online.com/lewis2.htm
Massachusetts ,Litchfield County Times,http://www.countytimes.com/site/news.cfm?brd=2303
Massachusetts ,Litchfield Enquirer,http://www.litchfieldenquirer.com/
Massachusetts ,Madison Source,http://thesource.shorepublishing.com/
Massachusetts ,Manchester Journal Inquirer,http://www.journalinquirer.com/
Massachusetts ,Meriden Record-Journal,http://www.record-journal.com
Massachusetts ,Middlefield Town Times,http://www.towntimes.com/
Massachusetts ,Middletown Press,http://www.middletownpress.com/
Massachusetts ,Milford Mirror,http://www.milfordmirror.com
Massachusetts ,Monroe Courier,http://www.monroecourier.com
Massachusetts ,New Britain Herald,http://www.newbritainherald.com/
Massachusetts ,New Haven Advocate,http://www.newhavenadvocate.com/
Massachusetts ,New Haven Business Times,http://www.ctbusinesstimes.com
Massachusetts ,New Haven Register,http://www.nhregister.com
Massachusetts ,New London Day,http://www.newlondonday.com/
Massachusetts ,New Milford Spectrum,http://www.spectrum.newmilford.com/
Massachusetts ,New Milford Times,http://www.newmilfordtimes.com/
Massachusetts ,Newington Town Crier,http://www.newingtontowncrier.com/
Massachusetts ,Newtown Bee,http://www.newtownbee.com/
Massachusetts ,North Haven Post,http://www.northhavenpost.com/
Massachusetts ,Norwalk Citizen-News,http://www.norwalkcitizen-news.com/
Massachusetts ,Norwalk Hour,http://www.thehour.com/
Massachusetts ,Norwich Bulletin,http://www.norwichbulletin.com
Massachusetts ,Plainville Citizen,http://www.theplainvillecitizen.com/
Massachusetts ,Redding Pilot,http://www.acorn-online.com/redding.htm
Massachusetts ,Regional Standard,http://www.regionalstandard.com/
Massachusetts ,Ridgefield Press,http://www.acorn-online.com/ridgef2.htm
Massachusetts ,Rocky Hill Post,http://www.rockyhillpost.com/
Massachusetts ,Seymour Valley Gazette,http://www.zwire.com/site/news.cfm?brd=1351
Massachusetts ,Shelton Huntington Herald,http://www.zwire.com/site/news.cfm?brd=1346
Massachusetts ,Shore Line Times,http://www.shorelinetimes.com/
Massachusetts ,Stamford Advocate,http://www.stamfordadvocate.com/
Massachusetts ,Stamford Fairfield County Weekly,http://www.fairfieldweekly.com
Massachusetts ,Stonington Intelligencer,http://www.stoningtonct.com/
Massachusetts ,Stratford Bard,http://www.stratfordbard.com/
Massachusetts ,Torrington Register Citizen,http://www.registercitizen.com/
Massachusetts ,Trumbull Times,http://www.zwire.com/news/newslist.cfm?brd=1350
Massachusetts ,Valley Advocate,http://www.valleyadvocate.com/
Massachusetts ,Wallingford People's Press,http://www.peoplespressnews.com/
Massachusetts ,Waterbury Republican-American,http://www.rep-am.com/
Massachusetts ,West Hartford News,http://www.westhartfordnews.com/
Massachusetts ,West Haven News,http://www.westhavennews.com/
Massachusetts ,West Haven Voice,http://www.whvoice.com/
Massachusetts ,Westbrook Harbor News,http://harbornews.shorepublishing.com/
Massachusetts ,Weston Forum,http://www.acorn-online.com/weston.htm
Massachusetts ,Westport Minuteman,http://www.westportminuteman.com/
Massachusetts ,Westport News,http://www.westport-news.com/
Massachusetts ,Wethersfield Post,http://www.wethersfieldpost.com/
Massachusetts ,Willimantic Chronicle,http://www.thechronicle.com
Massachusetts ,Wilton Bulletin,http://www.acorn-online.com/wilton.htm
Massachusetts ,Windsor Journal,http://www.windsorjournal.com/
Massachusetts ,Windsor Locks Journal,http://www.windsorlocksjournal.com/
Massachusetts ,Wolcott Community News,http://www.wolcottct.com/news/
Massachusetts ,Bethany Beach Wave,http://www.delmarvanow.com/bethanybeach/index.html
Massachusetts ,Chincoteague Beacon,http://www.delmarvanow.com/chincoteague/index.html
Massachusetts ,Delaware Beachcomber,http://www.delmarvanow.com/debeachcomber/index.html
Massachusetts ,Delaware Daily Times,http://www.delmarvanow.com/news/index.html
Massachusetts ,Delaware State News,http://www.newszap.com/dover/
Massachusetts ,Dewey Beach Coast Press,http://www.delmarvanow.com/deweybeach/index.html
Massachusetts ,Dover Post,http://www.doverpost.com/
Massachusetts ,Eastern Shore News,http://www.delmarvanow.com/easternshore/index.html
Massachusetts ,"Independent Newspapers Inc. Harrington, Milford, Seaford",http://www.newszap.com/
Massachusetts ,Middletown Transcript,http://www.middletowntranscript.com/
Massachusetts ,New Castle Business Ledger,http://www.ncbl.com/
Massachusetts ,Newark Post,http://www.ncbl.com/post
Massachusetts ,Ocean City Times Press,http://www.delmarvanow.com/oceancity/index.html
Massachusetts ,Ocean Pines Independent,http://www.delmarvanow.com/oceanpines/index.html
Massachusetts ,Rehoboth Beach Cape Gazette,http://www.capegazette.com
Massachusetts ,Smyrna-Clayton Sun Times,http://www.scsuntimes.com/
Massachusetts ,Somerset Herald,http://www.delmarvanow.com/somerset/index.html
Massachusetts ,University of Delaware Daily,http://www.mis4.udel.edu/udaily/index.html
Massachusetts ,University of Delaware Review,http://www.review.udel.edu/
Massachusetts ,Wilmington News Journal,http://www.delawareonline.com/newsjournal/
Massachusetts ,Worcester County Messenger,http://www.delmarvanow.com/worcester/index.html
Massachusetts ,Bolling AF Base Aviator,http://www.dcmilitary.com/aviator
Massachusetts ,DC Military Services Newspapers,http://www.dcmilitary.com/
Massachusetts ,Fort McNair Pentagram,http://www.dcmilitary.com/pentagram/
Massachusetts ,Hill News,http://www.hillnews.com
Massachusetts ,Information Times,http://www.informationtimes.com/
Massachusetts ,The Common Denominator,http://www.thecommondenominator.com
Massachusetts ,The Journal Online,http://www.jrnl.com/
Massachusetts ,Voice of the Hill,http://www.voiceofthehill.com
Massachusetts ,Washington Business Journal,http://washington.bizjournals.com/washington/
Massachusetts ,Washington City Paper,http://www.washingtoncitypaper.com
Massachusetts ,Washington Post,http://www.washingtonpost.com/
Massachusetts ,Washington Roll Call,http://www.rollcall.com/
Massachusetts ,Washington Technology Online,http://www.wtonline.com
Massachusetts ,Washington Times,http://www.washtimes.com/
Massachusetts ,Washington Town Hall,http://www.townhall.com/
Massachusetts ,Alachua Today,http://www.alachuatoday.com/
Massachusetts ,Anna Maria Island Sun,http://www.amisun.com/
Massachusetts ,Apalachicola Times,http://www.apalachtimes.com/
Massachusetts ,Bartow Polk County Democrat,http://www.polkcountydemocrat.com/
Massachusetts ,Boca Grande Boca Beacon,http://www.bocabeacon.com/
Massachusetts ,Boca Raton Basta Pinoy News,http://www.bastapinoy.com/
Massachusetts ,Boca Raton News,http://www.bocaratonnews.com/
Massachusetts ,Bonita Daily News,http://www.bonitanews.com/
Massachusetts ,Bradenton Herald,http://www.bhip.com/
Massachusetts ,Bradford County Telegraph,http://www.bctelegraph.com
Massachusetts ,Brooksville Hernando Today,http://www.hernandotoday.com/
Massachusetts ,Cedar Key Beacon,http://www.cedarkeybeacon.com/
Massachusetts ,Charlotte Harbor Sun-Herald,http://www.sun-herald.com/
Massachusetts ,Chiefland Citizen,http://www.chieflandcitizen.com/
Massachusetts ,Chipley Bugle Newspaper,http://www.chipleybugle.com
Massachusetts ,Citrus County Chronicle,http://www.chronicleonline.com/chronicle_online/
Massachusetts ,Coral Gables Gazette,http://www.cggazette.com
Massachusetts ,Coral Springs Our Town News,http://www.otnewsonline.com/
Massachusetts ,Daytona Beach News-Journal,http://www.news-journalonline.com/
Massachusetts ,Deland Beacon,http://www.delandbeacon.com/
Massachusetts ,Destin Log,http://www.destin.com/
Massachusetts ,Dunnellon Riverland News,http://www.chronicleonline.com/riverland_news/
Massachusetts ,East Orlando Sun,http://www.eosun.com/
Massachusetts ,Englewood Sun-Herald,http://www.sun-herald.com/
Massachusetts ,Fernandida Beach News Leader,http://www.fbnewsleader.com/
Massachusetts ,Florida Keys Keynoter,http://www.keynoter.com/
Massachusetts ,Florida Star,http://www.thefloridastar.com/fs/index.php
Massachusetts ,Fort Lauderdale Business Journal,http://southflorida.bizjournals.com/southflorida/
Massachusetts ,Fort Lauderdale Sun-Sentinel,http://www.sun-sentinel.com/
Massachusetts ,Fort Lauderdale Waterfront News,http://waterfront-news.com
Massachusetts ,Fort Myers News-Press,http://www.news-press.com/
Massachusetts ,Fort Pierce News,http://www.tcpalm.com/tcp/tribune
Massachusetts ,Fort Walton Beach Daily News,http://www.nwfdailynews.com/
Massachusetts ,Gainesville Florida Alligator,http://www.alligator.org/
Massachusetts ,Gainesville Sun,http://www.sunone.com/
Massachusetts ,High Springs Herald,http://www.highspringsherald.com/
Massachusetts ,Jackson County Floridan,http://www.jcfloridan.com/
Massachusetts ,Jacksonville Advocate,http://www.jacksonvilleadvocate.com/news/default.asp
Massachusetts ,Jacksonville Beach Leader,http://www.beachesleader.com
Massachusetts ,Jacksonville Business Journal,http://jacksonville.bizjournals.com/jacksonville/
Massachusetts ,Jacksonville Daily Record,http://www.jaxdailyrecord.com
Massachusetts ,Jacksonville Florida Times-Union,http://jacksonville.com/
Massachusetts ,Jacksonville JaxAirNews,http://www.jaxairnews.com/
Massachusetts ,Jupiter Courier,http://www1.tcpalm.com/tcp/jupiter_courier/
Massachusetts ,Key Biscayne Islander News,http://www.key-biscayne.com/islander/
Massachusetts ,Key Largo Independent,http://www.floridakeysnews.info/
Massachusetts ,Key West KeysNews.com,http://www.keysnews.com/
Massachusetts ,Lake Butler Union County Times,http://www.bctelegraph.com
Massachusetts ,Lake City Journal,http://www.lakecityjournal.com
Massachusetts ,Lake City Reporter,http://www.lakecityreporter.com
Massachusetts ,Lake Placid News-Sun,http://www.newssun.com/
Massachusetts ,Lakeland Ledger,http://www.theledger.com/
Massachusetts ,Leesburg Daily Commercial,http://www.dailycommercial.com/
Massachusetts ,Live Oak Suwannee Democrat,http://suwanneedemocrat.com
Massachusetts ,Macclenny Baker County Stardard,http://www.bcstandard.com
Massachusetts ,Madison County Carrier,http://www.greenepublishing.com/
Massachusetts ,Marco Island Eagle,http://www.marcoeagle.com/
Massachusetts ,Marco Island Sun-Times,http://www.marcosuntimes.com
Massachusetts ,Marianna Jackson County Floridan,http://www.jcfloridan.com/
Massachusetts ,Matlacha Pine Island News,http://www.pineislandnews.com/
Massachusetts ,Mayport Mirror,http://www.mayportmirror.com/
Massachusetts ,Melbourne Florida Today,http://www.flatoday.com/
Massachusetts ,Miami New Times,http://www.miaminewtimes.com
Massachusetts ,Miami Today,http://www.miamitodaynews.com
Massachusetts ,Miami's Community Newspapers,http://www.communitynewspapers.com/
Massachusetts ,Naples Daily News,http://www.naplesnews.com/
Massachusetts ,Naples Everglades Echo,http://www.evergladesecho.com
Massachusetts ,Naples Golden Gate Gazette,http://www.goldengategazette.com/
Massachusetts ,Naples Net News,http://www.naplesnetnews.com/
Massachusetts ,Naples Sun-Times,http://www.naplessuntimes.com/
Massachusetts ,North Port Sun-Herald,http://www.sun-herald.com/
Massachusetts ,Northwest Florida Daily News,http://www.nwfdailynews.com/
Massachusetts ,Ocala Star-Banner,http://www.starbanner.com/
Massachusetts ,Orange Park Clay Today,http://www.claytoday.biz
Massachusetts ,Orlando Business Journal,http://orlando.bizjournals.com/orlando/
Massachusetts ,Orlando Sentinel,http://www.orlandosentinel.com/
Massachusetts ,Orlando Times,http://www.orlando-times.com/
Massachusetts ,Orlando Weekly,http://orlandoweekly.com/
Massachusetts ,Osceola News Gazette,http://www.oscnewsgazette.com/
Massachusetts ,Palatka Daily News,http://www.palatkadailynews.com/
Massachusetts ,Palm Beach Daily News,http://www.pbdailynews.com
Massachusetts ,Palm Beach Post,http://www.pbpost.com/
Massachusetts ,Panama City - The County Press,http://www.thecountypress.com
Massachusetts ,Panama City News-Herald,http://www.newsherald.com/
Massachusetts ,Pensacola Beach News,http://www.pbrla.com/news3.html
Massachusetts ,Pensacola Independent/Florida Sun,http://www.independentfloridasun.com/
Massachusetts ,Pensacola News Journal,http://www.gulfcoastgateway.com/
Massachusetts ,Polk County Democrat,http://www.polkcountydemocrat.com/
Massachusetts ,Port Saint Lucie Tribune,http://www.portsaintlucie.com/
Massachusetts ,Port St. Joe Star,http://www.starfl.com
Massachusetts ,Port St. Lucie News,http://www.tcpalm.com/tcp/stuart_news
Massachusetts ,Riverland News,http://www.smcitizen.com/riverland_news/
Massachusetts ,Royal Palm Beach Palms West Press,http://www.palmswestpress.com
Massachusetts ,Santa Rosa Beach Walton Sun,http://www.waltonsun.com
Massachusetts ,Sarasota Herald-Tribune,http://www.heraldtribune.com/
Massachusetts ,Sarasota Pelican Press,http://www.pelicannews.com/
Massachusetts ,Sebastian Sun,http://www.tcpalm.com/tcp/the_sun
Massachusetts ,Sebring Highlands Today,http://www.highlandstoday.com
Massachusetts ,Sebring News-Sun,http://www.newssun.com/
Massachusetts ,South Florida Business Journal,http://southflorida.bizjournals.com/southflorida/
Massachusetts ,South Florida Sun-Sentinel,http://www.sun-sentinel.com/
Massachusetts ,South Marion Citizen,http://www.chronicleonline.com/smcitizen/
Massachusetts ,Southwest Orlando Bulletin,http://www.southwestorlandobulletin.com/
Massachusetts ,St. Augustine Record,http://staugustine.com/
Massachusetts ,St. Petersburg Times,http://www.sptimes.com/
Massachusetts ,Stuart News,http://www.stuartnews.com/
Massachusetts ,Stuart News,http://www.tcpalm.com/tcp/stuart_news
Massachusetts ,Sumter County Times,http://www.sumtercountytimes.com/sumter_county_times/
Massachusetts ,Suwannee Democrat,http://www.suwanneedemocrat.com/suwannee/
Massachusetts ,Tallahassee Democrat,http://www.tdo.com/
Massachusetts ,Tampa Bay Business Journal,http://tampabay.bizjournals.com/tampabay/
Massachusetts ,Tampa Bay Newspapers,http://www.tbnweekly.com/
Massachusetts ,Tampa Tribune,http://www.tampatrib.com/
Massachusetts ,Tavernier Reporter,http://www.upperkeysreporter.com/
Massachusetts ,The Miami Herald,http://www.herald.com/
Massachusetts ,The Villages Daily Sun,http://www.thevillagesdailysun.com/
Massachusetts ,Venice Gondolier,http://www.venicegondolier.com/
Massachusetts ,Vero Beach Press Journal,http://www.tcpalm.com/tcp/press_journal
Massachusetts ,Wellington Palms West Press,http://www.palmswestpress.com
Massachusetts ,Wellington-Royal Palm Crier,http://www.goTownCrier.com
Massachusetts ,Williston Pioneer Sun News,http://www.willistonpioneer.com/
Massachusetts ,Winter Garden West Orange Times,http://www.wotimes.com/
Massachusetts ,Winter Haven News Chief,http://www.polkonline.com/
Massachusetts ,Adel News-Tribune,http://www.adelnewstribune.com
Massachusetts ,Albany Herald,http://www.albanyherald.net/
Massachusetts ,Alma Times,http://www.thealmatimes.com/
Massachusetts ,Americus Times Recorder,http://www.americustimesrecorder.com/
Massachusetts ,Athens Banner-Herald,http://www.onlineathens.com/
Massachusetts ,Atlanta - Fulton County Daily Report,http://www.fcdr.com/
Massachusetts ,Atlanta Business Chronicle,http://atlanta.bizjournals.com/atlanta/
Massachusetts ,Atlanta Daily World,http://www.atlantadailyworld.com
Massachusetts ,Atlanta Jewish Times,http://www.atljewishtimes.com/
Massachusetts ,Atlanta Journal-Constitution,http://www.ajc.com/
Massachusetts ,Augusta Chronicle,http://www.augustachronicle.com
Massachusetts ,Bainbridge Post-Searchlight,http://www.thepostsearchlight.com/
Massachusetts ,Baldwin Bulletin,http://www.thebaldwinbulletin.com/
Massachusetts ,Barnesville Herald Gazette,http://www.barnesville.com/
Massachusetts ,Baxley News-Banner,http://www.baxleynewsbanner.com
Massachusetts ,Blackshear Times,http://www.theblacksheartimes.com/
Massachusetts ,Blairsville North Georgia News,http://www.nganews.com/
Massachusetts ,Blakely Early County News,http://www.earlycountynews.com
Massachusetts ,Blue Ridge News Observer,http://www.thenewsobserver.com/
Massachusetts ,Brunswick News,http://www.thebrunswicknews.com
Massachusetts ,Bryan County News,http://www.bryancountynews.net/
Massachusetts ,Buena Vista Tri-County Journal,http://www.tjournal.com/
Massachusetts ,Cairo Messenger,http://www.cairomessenger.com/
Massachusetts ,Calhoun Times,http://news.mywebpal.com/index.cfm?pnpid=722
Massachusetts ,Canton Cherokee Tribune,http://www.cherokeetribune.com/
Massachusetts ,Carrollton Times Georgian,http://www.times-georgian.com/
Massachusetts ,Cartersville Daily Tribune,http://www.daily-tribune.com
Massachusetts ,Cedartown Standard,http://news.mywebpal.com/index.cfm?pnpid=725
Massachusetts ,Charlton County Herald,http://planttel.net/%7Echerald/
Massachusetts ,Chattahoochee Chronicle,http://www.tjournal.com/
Massachusetts ,Claxton Enterprise,http://www.claxtonenterprise.com/
Massachusetts ,Clayton Tribune,http://www.theclaytontribune.com/
Massachusetts ,Cleveland White County News,http://www.http://www.whitecountynewstelegraph.com/
Massachusetts ,Colquitt - Miller County Liberal,http://www.millercountyliberal.com/
Massachusetts ,Columbus Ledger-Enquirer,http://www.ledger-enquirer.com
Massachusetts ,Commerce Main Street News,http://www.mainstreetnews.com
Massachusetts ,Conyers Rockdale Citizen,http://www.citizenonline.net/
Massachusetts ,Cordele Dispatch,http://www.cordeledispatch.com/
Massachusetts ,Cornelia  Northeast Georgian,http://www.thenortheastgeorgian.com/
Massachusetts ,Covington News,http://covingtonnews.imc-media.net/gbase/Expedite/index
Massachusetts ,Cumming - Forsyth County News,http://www.forsythnews.com/
Massachusetts ,Dahlonega Nugget,http://www.thedahloneganugget.com/
Massachusetts ,Haleakala Times,http://www.mauisfreepress.com/
Massachusetts ,Haleiwa - North Shore News,http://www.northshorenews.com/
Massachusetts ,Hawaii Independent,http://www.hawaiiindependent.com/
Massachusetts ,Hawaii News,http://www.hawaiinews.com/
Massachusetts ,Hawaii Reporter.com,http://www.hawaiireporter.com/
Massachusetts ,Hilo Tribune-Herald,http://www.hilohawaiitribune.com/
Massachusetts ,Honolulu Advertiser,http://www.honoluluadvertiser.com
Massachusetts ,Honolulu Star-Bulletin,http://starbulletin.com/
Massachusetts ,Kailua-Kona West Hawaii Today,http://www.westhawaiitoday.com
Massachusetts ,Kaneohe Sun Press Midweek,http://www.midweek.com/
Massachusetts ,KauaiWorld.com,http://www.KauaiWorld.com/
Massachusetts ,Maui News,http://www.mauinews.com/default.aspx
Massachusetts ,mkkdisp/,http://www.aloha.net/
Massachusetts ,Pacific Business News,http://www.amcity.com/pacific/index.html
Massachusetts ,Wailuku Maui News,http://www.mauinews.com
Massachusetts ,Arco Advertiser,http://www.arcoadvertiser.com/
Massachusetts ,Benewah News,http://www.ruralnorthwest.com/benewah/index.htm
Massachusetts ,Boise Idaho Statesman,http://www.idahostatesman.com/
Massachusetts ,Bonners Ferry Northwest News,http://www.ruralnorthwest.com/
Massachusetts ,Burley South Idaho Press,http://www.southidahopress.com/
Massachusetts ,Challis Messenger,http://www.challismessenger.com/
Massachusetts ,Coeur d'Alene Press,http://www.cdapress.com/
Massachusetts ,Emmett Messenger-Index,http://www.messenger-index.com/
Massachusetts ,Hailey Wood River Journal,http://www.woodriverjournal.com/
Massachusetts ,Idaho Falls Post Register,http://www.idahonews.com/
Massachusetts ,Island Park News,http://www.islandparknews.com/
Massachusetts ,Ketchum Idaho Mountain Express,http://www.sunvalleycentral.com/
Massachusetts ,Kootenai Valley Press,http://www.kvpress.com/
Massachusetts ,Lewiston Morning Tribune,http://www.lmtribune.com/
Massachusetts ,Montpelier News-Examiner,http://www.news-examiner.net/
Massachusetts ,Moscow-Pullman Daily News,http://www.dnews.com
Massachusetts ,Mountain Home News,http://www.mountainhomenews.com/
Massachusetts ,Nampa Idaho Press-Tribune,http://www.idahopress.com
Massachusetts ,Orofino Clearwater Tribune,http://www.clearwatertribune.com/
Massachusetts ,Pocatello Idaho State Journal,http://www.journalnet.com/
Massachusetts ,Potlach Latah Eagle,http://www.lataheagle.com/
Massachusetts ,Rexburg Standard Journal,http://www.rexburgstandardjournal.com/
Massachusetts ,St. Maries Gazette Register,http://www.smgazette.com/news/index.php
Massachusetts ,Treasure Valley Christian News,http://www.tvcnews.org/
Massachusetts ,Twin Falls Times-News,http://www.magicvalley.com/
Massachusetts ,Weiser Signal-American,http://www.ruralnetwork.net/~newsroom/
Massachusetts ,Abingdon Argus,http://www.eaglepublications.com/current.php?paper=Abingdon&type=News
Massachusetts ,Aledo Times Record,http://www.aledotimesrecord.com/
Massachusetts ,Algonquin Countryside,http://www.pioneerlocal.com/algonquin/index.html
Massachusetts ,Alton Telegraph,http://www.thetelegraph.com
Massachusetts ,Amboy News,http://www.amboynews.com/
Massachusetts ,Anna Gazette-Democrat,http://www.annanews.com/
Massachusetts ,Antioch Review,http://www.pioneerlocal.com/antioch/index.html
Massachusetts ,Arlington Heights Daily Herald,http://www.dailyherald.com
Massachusetts ,Arlington Heights Journal,http://www.journal-topics.com/ah/
Massachusetts ,Arlington Heights Post,http://www.pioneerlocal.com/arlingtonheights/index.html
Massachusetts ,Ashton Gazette,http://www.ashtongazette.com/
Massachusetts ,Augusta Eagle,http://www.eaglepublications.com/current.php?paper=Augusta&type=News
Massachusetts ,Aurora Beacon News,http://www.suburbanchicagonews.com/beaconnews/
Massachusetts ,Avon Sentinel,http://www.eaglepublications.com/current.php?paper=Abingdon&type=News
Massachusetts ,Barrington Courier-Review,http://www.pioneerlocal.com/barrington/index.html
Massachusetts ,Belleview News-Democrat,http://www.bnd.com/
Massachusetts ,Belvidere Daily Republican,http://www.bdrnews.com
Massachusetts ,Benton Evening News,http://www.bentoneveningnews.com/
Massachusetts ,Bloomington Pantagraph,http://www.pantagraph.com
Massachusetts ,Bolingbrook Sun,http://www.suburbanchicagonews.com/sunpub/bbrook/
Massachusetts ,Bourbonnais Herald/Country Market,http://www.bbherald.com
Massachusetts ,Buffalo Grove Countryside,http://www.pioneerlocal.com/buffalogrove/index.html
Massachusetts ,Canton Daily Ledger,http://www.cantondailyledger.com/
Massachusetts ,Carbondale Southern Illinoisan,http://www.southernillinoisan.com
Massachusetts ,Carlinville Online,http://www.carlinvilleonline.com/
Massachusetts ,Carmi Times,http://www.carmitimes.com
Massachusetts ,Carthage Hancock County Journal-Pilot,http://www.journalpilot.com
Massachusetts ,Cary-Grove Countryside,http://www.pioneerlocal.com/carygrove/index.html
Massachusetts ,Centralia Morning Sentinel,http://www.morningsentinel.com
Massachusetts ,Champaign-Urbana News-Gazette,http://www.news-gazette.com/
Massachusetts ,Charleston Times-Courier,http://www.jg-tc.com
Massachusetts ,Chicago Daily Herald,http://www.dailyherald.com/
Massachusetts ,Chicago Daily Southtown,http://www.dailysouthtown.com/
Massachusetts ,Chicago Suburban Newspapers,http://www.chicagosuburbannews.com/
Massachusetts ,Chicago Sun-Times,http://www.suntimes.com/
Massachusetts ,Chicago Tribune,http://www.chicagotribune.com/
Massachusetts ,Clinton Daily Journal,http://www.clintondailyjournal.com/
Massachusetts ,Crain's Chicago Business,http://www.crainschicagobusiness.com
Massachusetts ,Crystal Lake Northwest Herald,http://www.nwherald.com/
Massachusetts ,Danville Commercial-News,http://www.dancomnews.com/
Massachusetts ,Decatur Herald & Review,http://www.herald-review.com
Massachusetts ,Deerfield Review,http://www.pioneerlocal.com/deerfield/index.html
Massachusetts ,DeKalb Daily Chronicle,http://www.daily-chronicle.com/
Massachusetts ,Des Plaines Times,http://www.pioneerlocal.com/desplaines/index.html
Massachusetts ,Dixon Telegraph,http://www.saukvalley.com
Massachusetts ,Du Quoin Evening Call,http://www.duquoin.com
Massachusetts ,Edwardsville Intelligencer,http://www.goedwardsville.com
Massachusetts ,Effingham Daily News,http://www.effinghamdailynews.com
Massachusetts ,Elburn Herald,http://www.elburnherald.com/
Massachusetts ,Elgin Courier-News,http://www.suburbanchicagonews.com/couriernews/
Massachusetts ,Elmhurst Press,http://www.chicagosuburbannews.com/elmhurst
Massachusetts ,Elmwood Park Elm Leaves,http://www.pioneerlocal.com/elmwoodpark/index.html
Massachusetts ,Evanston Review,http://www.pioneerlocal.com/evanston/index.html
Massachusetts ,Flora Clay County Advocate-Press,http://www.advocatepress.com/
Massachusetts ,Franklin Park Herald-Journal,http://www.pioneerlocal.com/franklinpark/index.html
Massachusetts ,Freeport Journal-Standard,http://www.journalstandard.com/
Massachusetts ,Galena Gazette,http://www.galenagazette.com/Reg_Form.asp
Massachusetts ,Galesburg Register-Mail,http://www.register-mail.com/
Massachusetts ,Galesburg Zephyr,http://www.thezephyr.com/
Massachusetts ,Geneva Kane County Chronicle,http://www.kcchronicle.com
Massachusetts ,Glencoe News,http://www.pioneerlocal.com/glencoe/index.html
Massachusetts ,Glenview Announcements,http://www.pioneerlocal.com/glenview/index.html
Massachusetts ,Grayslake Lakeland Newspapers,http://www.lpnews.com/ln.htm
Massachusetts ,Grayslake Review,http://www.pioneerlocal.com/grayslake/index.html
Massachusetts ,Gurnee Review,http://www.pioneerlocal.com/gurneereview/index.html
Massachusetts ,Harrisburg Daily Register,http://www.dailyregister.com
Massachusetts ,Highland Park News,http://www.pioneerlocal.com/highlandpark/index.html
Massachusetts ,Hyde Park Herald,http://www.hpherald.com
Massachusetts ,Jacksonville Journal-Courier,http://www.journal-courier.net/
Massachusetts ,Joliet Herald-News,http://www.suburbanchicagonews.com/heraldnews/
Massachusetts ,Kankakee Daily Journal,http://www.daily-journal.com
Massachusetts ,Kewanee Star-Courier,http://www.starcourier.com
Massachusetts ,Lanark Carroll County Prairie-Advocate,http://www.prairie-advocate-news.com/
Massachusetts ,LaSalle News Tribune,http://www.newstrib.com/
Massachusetts ,Lawrenceville Daily Record,http://www.lawdailyrecord.com
Massachusetts ,Libertyville Review,http://www.pioneerlocal.com/libertyville/index.html
Massachusetts ,Lincoln Daily News,http://www.lincolndailynews.com/
Massachusetts ,Lombard Lombardian,http://members.aol.com/lombardian/homepage.html
Massachusetts ,Lombard Spectator,http://www.libertysuburban.com/news.php?pub=4
Massachusetts ,Macomb Eagle,http://www.eaglepublications.com/macomb.html
Massachusetts ,Macomb Journal,http://www.macombjournal.com/
Massachusetts ,Marion Daily Republican,http://www.mariondaily.com/
Massachusetts ,Mattoon Journal-Gazette,http://www.jg-tc.com/
Massachusetts ,Mendota Reporter,http://www.mendotareporter.com/
Massachusetts ,Moline Dispatch,http://www.qconline.com
Massachusetts ,Monmouth Daily Review Atlas,http://www.reviewatlas.com/
Massachusetts ,Morris Daily Herald,http://www.morrisdailyherald.com
Massachusetts ,Mount Carmel Register,http://www.mtcarmelregister.com/
Massachusetts ,Mount Vernon Register-News,http://www.register-news.com
Massachusetts ,Naperville Lisle Sun,http://www.suburbanchicagonews.com/sunpub/naper/
Massachusetts ,Oak Park Journal,http://www.oakparkjournal.com/
Massachusetts ,Olney Daily Mail,http://www.olneydailymail.com/
Massachusetts ,Oswego Ledger-Sentinel,http://www.ledgersentinel.com
Massachusetts ,Palos Heights Reporter,http://www.thereporter.com
Massachusetts ,Palos-Orland Regional News,http://www.theregionalnews.com/
Massachusetts ,Paris Beacon-News,http://www.parisbeacon.com
Massachusetts ,Pekin Daily Times,http://www.pekintimes.com/
Massachusetts ,Peoria Journal Star,http://www.pjstar.com
Massachusetts ,Pioneer Press Newspapers,http://www.pioneerlocal.com/
Massachusetts ,Plainsfield Fox Valley Press,http://www.copleynewspapers.com/sunpub/60504
Massachusetts ,Polish Suburban News,http://www.polishnews.com
Massachusetts ,Pontiac Daily Leader,http://www.pontiacdailyleader.com/
Massachusetts ,Princeton - Bureau County Republican,http://www.bcrnews.com/
Massachusetts ,Quincy Herald-Whig,http://www.whig.com
Massachusetts ,Ramsey News-Journal,http://www.ramseynewsjournal.com/
Massachusetts ,Robinson Daily News,http://www.robdailynews.com/
Massachusetts ,Rochelle News-Leader,http://www.rochellenews-leader.com/
Massachusetts ,Rock Island Argus,http://www.qconline.com/index.shtml
Massachusetts ,Rockford Register Star,http://www.rrstar.com/
Massachusetts ,Roseville Independent,http://www.eaglepublications.com/roseville.html
Massachusetts ,Salem Times Commoner,http://www.salem-tc.com/
Massachusetts ,Sparta News-Plaindealer,http://www.egyptian.net/~leftypen/plain.htm
Massachusetts ,Springfield Illinois Times,http://www.illinoistimes.com/
Massachusetts ,Springfield State Journal-Register,http://www.sj-r.com
Massachusetts ,Star Newspapers,http://www.starnewspapers.com/
Massachusetts ,Alexandria Times-Tribune,http://www.elwoodpublishing.com
Massachusetts ,Anderson Herald Bulletin,http://www.theheraldbulletin.com/
Massachusetts ,Angola Herald-Republican,http://www.kpcnews.com/herald_-_republican/
Massachusetts ,Attica Fountain County Neighbor,http://www.fountaincountyneighbor.com
Massachusetts ,Auburn Evening Star,http://www.kpcnews.com/
Massachusetts ,Aurora Journal-Press,http://www.journalpressonline.com
Massachusetts ,Avon Flyer,http://www.flyergroup.com/
Massachusetts ,Batesville Herald-Tribune,http://www.batesvilleheraldtribune.com/
Massachusetts ,Bedford Times-Mail,http://www.tmnews.com
Massachusetts ,Berne Tri-Weekly News,http://www.bernetriweekly.com
Massachusetts ,Bloomington Herald-Times,http://www.hoosiertimes.com
Massachusetts ,Bluffton News Banner,http://www.news-banner.com
Massachusetts ,Boonville Standard,http://www.warricknews.com/
Massachusetts ,Bourban News-Mirror,http://www.thepilotnews.com
Massachusetts ,Brazil Times,http://www.thebraziltimes.com
Massachusetts ,Brown County Democrat,http://www.browncountyindiana.com/main.asp?SectionID=1
Massachusetts ,Brownstown - Jackson County Banner,http://www.thebanner.com/
Massachusetts ,Chesterton Tribune,http://www.chestertontribune.com/
Massachusetts ,Cloverdale Hoosier Topics,http://www.countryconnect.com/htopics/htopics.html
Massachusetts ,Columbia City Post & Mail,http://www.thepostandmail.com/
Massachusetts ,Columbus Republic,http://www.therepublic.com/
Massachusetts ,Connersville News-Examiner,http://www.connersvillein.com/
Massachusetts ,Ackley World Journal,http://www.ackleyworldjournal.com/
Massachusetts ,Adel Dallas County News,http://www.adelnews.com/
Massachusetts ,Albia Union-Republican,http://www.albianews.com/
Massachusetts ,Ames Tribune,http://www.amestrib.com/
Massachusetts ,Ankeny Press Citizen,http://www.presscitizen-shopper.com/apps/pbcs.dll/frontpage
Massachusetts ,Belle Plaine Union,http://www.netins.net/showcase/bpunion/
Massachusetts ,Belmond Independent,http://www.belmondnews.com/
Massachusetts ,Bloomfield Democrat,http://www.bdemo.com/
Massachusetts ,Boone Today,http://www.boonetoday.com
Massachusetts ,Burlington Hawk Eye,http://www.thehawkeye.com/
Massachusetts ,Carroll Daily Times Herald,http://www.carrollspaper.com/
Massachusetts ,Cedar Rapids Gazette,http://www.gazetteonline.com/
Massachusetts ,Centerville Daily Iowegian,http://www.dailyiowegian.com/
Massachusetts ,Charles City Press,http://www.charlescitypress.com/
Massachusetts ,Cherokee Chronicle Times,http://www.chronicletimes.com/
Massachusetts ,Clear Lake Mirror Reporter,http://www.clreporter.com
Massachusetts ,Clinton Herald,http://www.clintonherald.com/
Massachusetts ,Cresco Times Plaindealer,http://www.crescotimes.com/
Massachusetts ,Creston News Advertiser,http://www.crestonnewsadvertiser.com/
Massachusetts ,Daily Nonpariel Online,http://www.nonpareilonline.com/
Massachusetts ,"Dallas County News, Inc",http://www.zwire.com/site/news.cfm?brd=2036
Massachusetts ,Davenport Leader,http://www.qconline.com/
Massachusetts ,Davenport Quad City Times,http://www.qctimes.com/
Massachusetts ,Des Moines Register,http://www.dmregister.com/
Massachusetts ,Des Moines Today,http://www.desmoines.com/
Massachusetts ,DeWitt Observer,http://www.dewittobserver.com/
Massachusetts ,Dubuque Telegraph Herald,http://www.thonline.com
Massachusetts ,Eldridge North Scott Press,http://www.zwire.com/site/news.cfm?brd=1839
Massachusetts ,Elgin Echo,http://www.zwire.com/site/news.cfm?brd=1896
Massachusetts ,Fairfield Daily Ledger,http://www.ffledger.com/
Massachusetts ,Fayette Leader,http://www.zwire.com/site/news.cfm?brd=1896
Massachusetts ,Forest City Summit,http://www.forestcitysummit.com/
Massachusetts ,Fort Dodge Messenger,http://www.messengernews.net/
Massachusetts ,Fort Madison Daily Democrat,http://www.dailydem.com/
Massachusetts ,Glenwoodnet,http://www.glenwoodnet.com/index.shtml
Massachusetts ,Harlan Tribune,http://www.zwire.com/site/news.cfm?brd=901
Massachusetts ,Humboldt Independent,http://www.humboldtnews.com/
Massachusetts ,Ida Grove Ida County Courier,http://www.idacountycourier.com/
Massachusetts ,Iowa City Daily Iowan,http://www.dailyiowan.com/
Massachusetts ,Iowa City Press-Citizen,http://www.press-citizen.com/
Massachusetts ,Iowa Falls Times-Citizen,http://www.timescitizen.com/
Massachusetts ,Iowa Farmer Today,http://www.iowafarmer.com/
Massachusetts ,Iowa State Daily,http://www.iowastatedaily.com/
Massachusetts ,Iowa State Daily,http://www.daily.iastate.edu/
Massachusetts ,Kalona News,http://www.citypapers.com/Kalona_IA/
Massachusetts ,Kalona News,http://www.zwire.com/site/news.cfm?brd=1140
Massachusetts ,Keokuk Daily Gate City,http://www.dailygate.com/
Massachusetts ,Keokuk Daily Gate City,http://www.dailygate.com/
Massachusetts ,Knightstown Farm Week,http://www.farmwk.com/
Massachusetts ,Knightstown Farm Week,http://www.farmwk.com/
Massachusetts ,Knoxville Journal Express,http://www.journalexpress.net/index.html
Massachusetts ,Knoxville Journal Express Online,http://www.journalexpress.net
Massachusetts ,LeMars Daily Sentinel,http://www.lemarssentinel.com/
Massachusetts ,Marshalltown Times-Republican,http://www.timesrepublican.com/
Massachusetts ,Mason City Globe Gazette,http://www.globegazette.com
Massachusetts ,Moline Dispatch,http://www.qconline.com/
Massachusetts ,Montecillo Express,http://www.monticelloexpress.com/
Massachusetts ,Mt. Pleasant News,http://www.mpnews.net
Massachusetts ,Muscatine Journal,http://www.muscatinejournal.com/
Massachusetts ,News in Carroll,http://www.newsincarroll.com/
Massachusetts ,Newton Daily News,http://www.newtondailynews.com
Massachusetts ,Oelwein Daily Register,http://www.oelweindailyregister.com/
Massachusetts ,Osceola Sentinel-Tribune,http://www.osceolaiowa.com
Massachusetts ,Oskaloosa Herald,http://www.oskaloosaherald.com/
Massachusetts ,Ottumwa Courier,http://www.ottumwacourier.com/
Massachusetts ,Pella Chronicle,http://www.pellachronicle.com
Massachusetts ,Quad-City Times,http://www.quadcitytimes.com
Massachusetts ,Rock Island Argus,http://www.qconline.com/
Massachusetts ,Sigourney News-Review,http://www.sigourneynewsreview.com
Massachusetts ,Sioux City Journal,http://www.siouxcityjournal.com
Massachusetts ,South Benton Star Press,http://showcase.netins.net/web/bpunion/Starpress.html
Massachusetts ,Spencer Daily Reporter,http://www.spencerdailyreporter.com
Massachusetts ,Storm Lake Pilot-Tribune,http://www.zwire.com/news/newslist.cfm?brd=1304
Massachusetts ,Storm Lake Times,http://www.stormlake.com/
Massachusetts ,The Ogden Reporter,http://www.ogdenreporter.com/
Massachusetts ,University of Iowa Daily Iowan,http://www.dailyiowan.com/
Massachusetts ,Villisca Review.com,http://www.villiscareview.com/
Massachusetts ,Washington Evening Journal,http://www.washjrnl.com/
Massachusetts ,Waterloo Cedar Falls Courier,http://www.wcfcourier.com
Massachusetts ,Waukon Standard,http://www.waukonstandard.com/
Massachusetts ,West Liberty Index,http://www.zwire.com/site/news.cfm?brd=1105
Massachusetts ,Winterset Madisonian,http://www.wintersetmadisonian.com/cgi-bin/madisonian.cgi
Massachusetts ,Abilene Reflector Chronicle,http://www.abilene-rc.com/
Massachusetts ,Andover Journal-Advocate,http://www.andoverjournal.com/
Massachusetts ,Ark Valley News,http://www.arkvalleynews.com/
Massachusetts ,Arkansas City Traveler,http://www.arkcity.net/
Massachusetts ,Atchison Daily Globe,http://www.atchisondailyglobe.com/
Massachusetts ,Augusta Daily Gazette,http://www.augustagazette.com/
Massachusetts ,Baldwin City Signal,http://signal.baldwincity.com/
Massachusetts ,Basehor Sentinel,http://www.basehorinfo.com
Massachusetts ,Chanute Tribune,http://www.chanute.com/
Massachusetts ,Cheney Times-Sentinel,http://www.tsnews.com/
Massachusetts ,Clay Center Dispatch,http://www.claycenter.com/
Massachusetts ,Coffey County Republican,http://www.coffeycountyonline.com/
Massachusetts ,Coffeyville Journal,http://www.cjournal.com/
Massachusetts ,Colby Free Press,http://www.nwkansas.com/cfpwebpages/cfpmain.html
Massachusetts ,Derby Daily Reporter,http://www.derbydailyrep.com/
Massachusetts ,Desoto Explorer,http://www.desotoexplorer.com/
Massachusetts ,Dodge City Daily Globe,http://www.dodgeglobe.com/
Massachusetts ,Dodge City High Plains Journal,http://www.hpj.com/
Massachusetts ,Downs News & Times,http://www.downsnews.com/
Massachusetts ,El Dorado Times,http://www.eldoradotimes.com
Massachusetts ,Ellsworth Reporter,http://www.ellsworthinderep.com/
Massachusetts ,Emporia Gazette,http://www.emporiagazette.com/
Massachusetts ,Eudora News,http://www.eudoranews.com/
Massachusetts ,Eureka Herald,http://www.eurekaherald.com/
Massachusetts ,Fort Scott Tribune,http://www.fortscotttribune.com
Massachusetts ,Garden City Telegram,http://www.gctelegram.com
Massachusetts ,Gardner News,http://www.gardnernews.com/
Massachusetts ,Great Bend Tribune,http://www.gbtribune.com/
Massachusetts ,Gyp Hill Premiere,http://www.gyphillpremiere.com/
Massachusetts ,Hays Daily News,http://www.hdnews.net/
Massachusetts ,Hesston Record,http://www.hesstonrecord.com
Massachusetts ,Hillsboro Free Press,http://www.hillsborofreepress.com/
Massachusetts ,Hillsboro Star Journal,http://www.starj.com/hillsboro.html
Massachusetts ,Holton Recorder,http://www.holtonrecorder.com/
Massachusetts ,Hutchinson News,http://www.hutchnews.com
Massachusetts ,Iola Register,http://www.iolaregister.com/
Massachusetts ,Jewell County News,http://www.superiorne.com/
Massachusetts ,Junction City Daily Union,http://www.dailyu.com/
Massachusetts ,Kansas City Kansan,http://www.kansascitykansan.com
Massachusetts ,Kansas City Star,http://www.kcstar.com/
Massachusetts ,Lawrence Journal-World,http://www.ljworld.com/
Massachusetts ,Leavenworth Times,http://www.leavenworthtimes.com/
Massachusetts ,Liberal Southwest Daily Times,http://www.swdtimes.com/
Massachusetts ,Manhattan Mercury,http://www.themercury.com/
Massachusetts ,Marion County Record,http://www.marionrecord.com/
Massachusetts ,Marysville Advocate,http://www.mvleadvocate.com/
Massachusetts ,McPherson Sentinel,http://www.mcphersonsentinel.com/
Massachusetts ,Miami County Republic,http://www.republic-online.com/
Massachusetts ,Newton Kansan,http://www.thekansan.com/
Massachusetts ,Olathe Daily News,http://www.joconews.com/
Massachusetts ,Osage County Herald-Chronicle,http://www.ocherald.com/
Massachusetts ,Ottawa Herald,http://www.ottawaherald.com/
Massachusetts ,Parsons Sun,http://www.parsonssun.com/
Massachusetts ,Pittsburg Morning Sun,http://www.morningsun.net/
Massachusetts ,Pratt Tribune,http://www.pratttribune.com/
Massachusetts ,Salina Journal,http://www.saljournal.com/
Massachusetts ,Shawnee Journal Herald,http://www.shawneejournalherald.com
Massachusetts ,Tonganoxie Mirror,http://www.tonganoxiemirror.com/
Massachusetts ,Topeka Capital-Journal,http://www.cjonline.com
Massachusetts ,University Daily Kansan,http://www.kansan.com/
Massachusetts ,Wellington Daily News,http://www.wgtndailynews.com/
Massachusetts ,Wichita Business Journal,http://wichita.bizjournals.com/wichita/index.html
Massachusetts ,Wichita Eagle,http://www.wichitaeagle.com/
Massachusetts ,Winfield Daily Courier,http://www.winfieldcourier.com/
Massachusetts ,Yates Center News,http://www.sekansas.com/
Massachusetts ,Ashland Daily Independent,http://www.dailyindependent.com
Massachusetts ,Barbourville Mountain Advocate,http://www.barbourvilleadvocate.com
Massachusetts ,Bardstown Kentucky Standard,http://www.kystandard.com/
Massachusetts ,Benton Tribune Courier,http://www.tribunecourier.com
Massachusetts ,Bowling Green Daily News,http://www.bgdailynews.com/
Massachusetts ,Bullitt County Pioneer News,http://www.pioneernews.net/
Massachusetts ,Burkesville Cumberland County News,http://www.burkesville.com/ccn/
Massachusetts ,Cadiz Record,http://www.cadizrecord.com/
Massachusetts ,Central Kentucky News Journal,http://www.cknj.com/
Massachusetts ,Corbin Times-Tribune,http://www.corbintimes.com
Massachusetts ,Covington Kentucky Post,http://www.kypost.com/
Massachusetts ,Danville Advocate-Messenger,http://www.amnews.com/
Massachusetts ,Elizabethtown News-Enterprise,http://www.newsenterpriseonline.com/
Massachusetts ,Franklin Favorite,http://www.franklinfavorite.com/
Massachusetts ,Georgetown News-Graphic,http://www.georgetownnews.com/
Massachusetts ,Glasgow Daily Times,http://www.glasgowdailytimes.com/
Massachusetts ,Grant County News and Express,http://www.grantky.com/
Massachusetts ,Harlan Daily Enterprise,http://www.harlandaily.com/
Massachusetts ,Harrodsburg Herald,http://www.harrodsburgherald.com/
Massachusetts ,Hartford - Ohio County Times,http://www.octimesnews.com
Massachusetts ,Hawesville  Hancock Clarion,http://www.hancockclarion.com
Massachusetts ,Henderson Gleaner,http://www.thegleaner.com/
Massachusetts ,Hindman Troublesome Creek Times,http://www.troublesomecreektimes.com/
Massachusetts ,Hopkinsville Kentucky New Era,http://www.kentuckynewera.com/
Massachusetts ,Jackson Breathitt Online News,http://www.breathittonline.com/aaa.html
Massachusetts ,Jackson South Alabamian,http://www.southalabamian.com/
Massachusetts ,La Grange Oldham Era,http://www.oldhamera.com
Massachusetts ,Lawrenceburg Anderson News,http://www.theandersonnews.com
Massachusetts ,Lebanon Enterprise,http://www.lebanonenterprise.com/
Massachusetts ,Leitchfield - Grayson County News Gazette,http://www.gcnewsgazette.com/
Massachusetts ,Lexington Herald-Leader,http://www.kentucky.com/mld/heraldleader/
Massachusetts ,London Sentinel-Echo,http://www.sentinel-echo.com/
Massachusetts ,Louisa Big Sandy News,http://www.bigsandynews.com/
Massachusetts ,Louisville Business First,http://louisville.bizjournals.com/louisville/
Massachusetts ,Louisville Courier-Journal,http://www.courier-journal.com
Massachusetts ,Madisonville Messenger,http://www.the-messenger.com/
Massachusetts ,Marion Crittenden Press,http://www.the-press.com/
Massachusetts ,Maysville Ledger Independent,http://www.maysville-online.com/
Massachusetts ,Middlesboro Daily News,http://www.middlesborodailynews.com/
Massachusetts ,Monticello Wayne County Outlook,http://www.wcoutlook.com
Massachusetts ,Moorehead News,http://www.themoreheadnews.com
Massachusetts ,Morganfield Union County Advocate,http://www.ucadvocate.com/
Massachusetts ,Murray Ledger & Times,http://www.murrayledger.com/
Massachusetts ,New Castle Henry County Local,http://www.hclocal.com/
Massachusetts ,Nicholasville Jessamine Journal,http://www.jessaminejournal.com/
Massachusetts ,Owensboro Messenger-Inquirer,http://www.messenger-inquirer.com
Massachusetts ,Paducah Sun,http://www.paducahsun.com/
Massachusetts ,Paintsville Herald,http://www.paintsvilleherald.com/
Massachusetts ,Pikeville Applachian News Express,http://www.news-expressky.com/
Massachusetts ,Prestonsburg Floyd County Times,http://www.floydcountytimes.com/
Massachusetts ,Richmond Register,http://www.richmondregister.com/
Massachusetts ,Russellville News Democrat & Leader,http://www.newsdemocratleader.com/
Massachusetts ,Shelbyville Sentinel-News,http://www.shelbyconnect.com
Massachusetts ,"Somerset, KY",http://www.somerset-kentucky.com
Massachusetts ,Whitesburg Mountain Eagle,http://www.themountaineagle.com
Massachusetts ,Whitley McCreary County Record,http://www.mccrearyrecord.com
Massachusetts ,Winchester Sun,http://www.winchestersun.com
Massachusetts ,Alexandria Daily Town Talk,http://www.thetowntalk.com
Massachusetts ,Bastrop Daily Enterprise,http://bastrop.townnews.com/
Massachusetts ,Baton Rouge Advocate,http://www.theadvocate.com/
Massachusetts ,Baton Rouge Business Report,http://www.businessreport.com/
Massachusetts ,Bogalusa Daily News,http://www.edailynews.info/news/
Massachusetts ,Bossier City Press-Tribune,http://www.bossierpress.com/
Massachusetts ,Covington News-Banner,http://www.newsbanner.com/
Massachusetts ,Crowley Post-Signal,http://www.crowleypostsignal.com/
Massachusetts ,DeQuincy News,http://www.dequincynews.com/
Massachusetts ,DeRidder Beauregard Daily News,http://www.deridderdailynews.com/
Massachusetts ,Franklin Banner-Tribune,http://www.banner-tribune.com/
Massachusetts ,Gonzales Ascension Citizen,http://www.ascensioncitizen.com/
Massachusetts ,Gonzales Weekly,http://www.gonzalesweekly.com/
Massachusetts ,Hammond Daily Star,http://www.hammondstar.com
Massachusetts ,Houma Courier,http://www.houmatoday.com/
Massachusetts ,Lafayette Daily Advertiser,http://www.theadvertiser.com/apps/pbcs.dll/frontpage
Massachusetts ,Lake Charles American Press,http://www.americanpress.com
Massachusetts ,LaPlace L'Observateur,http://www.lobservateur.com
Massachusetts ,Leesville Daily Leader,http://www.leesvilledailyleader.com/
Massachusetts ,Livingston Parish News,http://www.livingstonparishnews.com/
Massachusetts ,Logansport Toledo Bend Tribune,http://www.toledobendtribune.com/
Massachusetts ,Minden Press-Herald,http://www.press-herald.com
Massachusetts ,Monroe Free Press,http://monroefreepress.com
Massachusetts ,Monroe News-Star,http://www.thenewsstar.com/
Massachusetts ,Morgan City Daily Review,http://www.daily-review.com
Massachusetts ,Napoleonville Assumption Pioneer,http://theassumptionpioneer.com/
Massachusetts ,Natchitoches Times,http://www.natchitochestimes.com/
Massachusetts ,New Iberia Daily Iberian,http://www.iberianet.com
Massachusetts ,New Orleans Times-Picayune,http://www.nola.com/t-p/
Massachusetts ,Opelousas Daily World,http://www.dailyworld.com
Massachusetts ,Ponchatoula Times,http://www.ponchatoula.com/ptimes/
Massachusetts ,Rayne Acadian-Tribune,http://www.acadian-tribune.com/
Massachusetts ,Ruston Leader,http://www.rustonleader.com
Massachusetts ,Shreveport Times,http://www.shreveporttimes.com/
Massachusetts ,St. Charles Herald-Guide,http://www.heraldguide.com/
Massachusetts ,Sulphur Southwest Daily News,http://www.sulphurdailynews.com/
Massachusetts ,Thibodaux Daily Comet,http://www.dailycomet.com
Massachusetts ,American Journal,http://www.keepmecurrent.com/AmericanJournal/
Massachusetts ,Athol Town Crier,http://www.atholdailynews.com/
Massachusetts ,Augusta Capital Weekly,http://www.mainecoastnow.com/capital_weekly/local_news/
Massachusetts ,Augusta Kennebec Journal Online,http://www.kjonline.com/
Massachusetts ,Bangor Daily News,http://www.bangornews.com/
Massachusetts ,Bar Harbor Times,http://www.mainecoastnow.com/
Massachusetts ,Biddeford Journal Tribune,http://www.journaltribune.com/
Massachusetts ,Boothbay Register,http://www.BoothbayRegister.Maine.com
Massachusetts ,Brunswick Times-Record,http://www.timesrecord.com/
Massachusetts ,Camden Herald,http://www.camdenherald.com/
Massachusetts ,Cape Elizabeth Cape Courier,http://www.capecourier.com/
Massachusetts ,Capital Weekly,http://www.mainecoastnow.com/#cw
Massachusetts ,Castine Patriot,http://www.castinepatriot.com/
Massachusetts ,Dexter Daily ME,http://www.thedailyme.com
Massachusetts ,Dover Community News,http://www.seacoastonline.com/news/dover/index.htm
Massachusetts ,Ellsworth American,http://www.EllsworthAmerican.com
Massachusetts ,Exeter News-Letter,http://www.seacoastonline.com/news/exeter/index.htm
Massachusetts ,Falmouth Forecaster,http://www.theforecaster.net/
Massachusetts ,Gorham Times,http://www.gorhamtimes.com/
Massachusetts ,Gray News,http://www.GrayNews.Maine.com
Massachusetts ,Hampton Union,http://www.seacoastonline.com/news/hampton/index.htm
Massachusetts ,Kennebec Business Journal,http://www.kvbizjournal.com/
Massachusetts ,Kennebec Journal,http://kennebecjournal.mainetoday.com/
Massachusetts ,Kingfield Original  Irregular,http://news.mywebpal.com/index.cfm?pnpid=282
Massachusetts ,Lakes Region Weekly,http://www.keepmecurrent.com/lrweekly/
Massachusetts ,Lewiston Sun-Journal,http://www.sunjournal.com
Massachusetts ,Lincoln County News,http://mainelincolncountynews.com
Massachusetts ,Millinocket Magic City Morning Star,http://magic-city-news.com/
Massachusetts ,Mount Desert Islander,http://mdislander.com/site/
Massachusetts ,Newport Rolling Thunder Express,http://www.rollingthunderexpress.com
Massachusetts ,Norway Advertiser-Democrat,http://www.advertiserdemocrat.com
Massachusetts ,Observer,http://www.keepmecurrent.com/observer/
Massachusetts ,Oxford Hills Advertiser-Democrat,http://www.advertiserdemocrat.com/
Massachusetts ,Portland Press Herald and Maine Sunday Telegram,http://www.pressherald.mainetoday.com/
Massachusetts ,Portsmouth Herald,http://www.seacoastonline.com/news/index.htm
Massachusetts ,Quoddy Tides,http://www.quoddytides.com/
Massachusetts ,Republican Journal,http://www.mainecoastnow.com/#trj
Massachusetts ,Rockingham News,http://www.seacoastonline.com/news/rock/index.htm
Massachusetts ,Rockland Courier Gazette,http://www.courierpub.com/couriergazette/
Massachusetts ,Rockland Free Press,http://www.freepressonline.com/
Massachusetts ,Rumford Falls Times,http://www.RumfordFallsTimes.com/
Massachusetts ,Sacopee Valley Citizen,http://www.keepmecurrent.com/Citizen/
Massachusetts ,Sun Chronicle,http://www.keepmecurrent.com/Chronicle/
Massachusetts ,The Monument,http://www.keepmecurrent.com/Monument/
Massachusetts ,The Wiscasset Newspaper,http://WiscassetNewspaper.Maine.com
Massachusetts ,Village Soup Citizen,http://waldo.villagesoup.com/
Massachusetts ,Village Soup Times,http://knox.villagesoup.com/
Massachusetts ,Waterboro Reporter,http://www.keepmecurrent.com/reporter
Massachusetts ,Waterville Morning Sentinel,http://morningsentinel.mainetoday.com/home.html
Massachusetts ,York County Coast Star,http://www.seacoastonline.com/news/yorkstar/index.htm
Massachusetts ,York Weekly,http://www.yorkweekly.com/
Massachusetts ,Annapolis Capital,http://www.capitalonline.com/
Massachusetts ,Annapolis Maryland Gazette,http://www.hometownannapolis.com/index.html
Massachusetts ,Aspen Hill News,http://www.gazette.net/aspenhill/news/
Massachusetts ,Baltimore Business Journal,http://baltimore.bizjournals.com/baltimore/
Massachusetts ,Baltimore Chronicle,http://baltimorechronicle.com/
Massachusetts ,Baltimore City Paper,http://www.citypaper.com
Massachusetts ,Baltimore Daily Record,http://www.mddailyrecord.com/
Massachusetts ,Baltimore Sun - SunSpot,http://www.sunspot.net/
Massachusetts ,Baltimore Times,http://www.btimes.com/
Massachusetts ,Bel Air Aegis,http://www.theaegis.com/
Massachusetts ,Bethesda News,http://www.gazette.net/bethesda/news/
Massachusetts ,Bowie Blade,http://hometownannapolis.com/bowie_index.html
Massachusetts ,Bowie News,http://www.gazette.net/bowie/news/
Massachusetts ,Brunswick News,http://www.gazette.net/brunswick/news/
Massachusetts ,Burtonsville News,http://www.gazette.net/burtonsville/news/
Massachusetts ,Carroll County Times,http://www.carrollcounty.com/
Massachusetts ,Catholic Review,http://www.catholicreview.org
Massachusetts ,Cecil Whig,http://www.cecilwhig.com/
Massachusetts ,Clinton News,http://www.gazette.net/clinton/news/
Massachusetts ,College Park News,http://www.gazette.net/collegepark/news/
Massachusetts ,Cumberland Times News,http://www.times-news.com/
Massachusetts ,Deale New Bay Times Weekly,http://www.bayweekly.com
Massachusetts ,Delmarva Newspapers,http://www.delmarvanow.com/
Massachusetts ,Andover Townsman,http://www.andovertownsman.com/
Massachusetts ,Ashburnham Community Journal,http://www.thecommunityjournal.com/
Massachusetts ,Athol Daily News,http://www.atholdailynews.com/
Massachusetts ,Attleboro Sun Chronicle,http://www.thesunchronicle.com
Massachusetts ,Ayer Public Spirit,http://www.ayerpublicspirit.com/
Massachusetts ,Barnstable Patriot,http://barnstablepatriot.com
Massachusetts ,Beacon Hill Times,http://www.beaconhilltimes.com/
Massachusetts ,Bennington Banner,http://www.benningtonbanner.com/
Massachusetts ,Berkshire Eagle,http://www.berkshireeagle.com/
Massachusetts ,Boston Business Journal,http://boston.bizjournals.com/boston/
Massachusetts ,Boston Globe,http://www.boston.com/globe/
Massachusetts ,Boston Herald,http://www.bostonherald.com
Massachusetts ,Boston Russian Bulletin,http://www.RussianMass.com
Massachusetts ,Brattleboro Reformer,http://www.reformer.com/
Massachusetts ,Brockton Enterprise,http://www.enterprisenews.com/
Massachusetts ,Burlington Union,http://www.burlingtonunion.com/
Massachusetts ,Cambridge Chronicle,http://www.townonline.com/cambridge/
Massachusetts ,Canton Citizen,http://www.townonline.com/canton/
Massachusetts ,Cape Cod Times,http://www.capecodonline.com/
Massachusetts ,Chatham Cape Cod Chronicle,http://www.capecodchronicle.com
Massachusetts ,Christian Science Monitor,http://www.csmonitor.com
Massachusetts ,Daily Hampshire Gazette,http://www.gazettenet.com
Massachusetts ,Dorchester Reporter,http://www.dotnews.com
Massachusetts ,Duxbury Clipper,http://www.duxburyclipper.com/
Massachusetts ,Fall River Herald News,http://www.heraldnews.com
Massachusetts ,Fitchburg Sentinel & Enterprise,http://www.sentinelandenterprise.com/local
Massachusetts ,Foxboro Reporter,http://www.foxbororeporter.com/
Massachusetts ,Gloucester Daily Times,http://www.gloucestertimes.com
Massachusetts ,Greenfield Recorder,http://www.recorder.com/
Massachusetts ,Groton Landmark,http://www.grotonlandmark.com/
Massachusetts ,Harvard Hillside,http://www.harvardhillside.com/
Massachusetts ,Hatfield Valley Advocate,http://www.valleyadvocate.com
Massachusetts ,Haverhill Gazette On-Line,http://www.hgazette.com/
Massachusetts ,Holbrook Sun,http://www.townonline.com/holbrook/
Massachusetts ,Holden Landmark,http://www.thelandmark.com/
Massachusetts ,Hopkinton News,http://www.hopnews.com/
Massachusetts ,Hyannis Cape Code Times,http://www.capecodtimes.com/cctimes/
Massachusetts ,Ipswich Chronicle,http://www.townonline.com/ipswich/
Massachusetts ,Jewish Advocate,http://www.neponset.com/jewish_advocate
Massachusetts ,Lawrence Eagle-Tribune Online,http://www.eagletribune.com
Massachusetts ,Leominster Champion,http://www.leominsterchamp.com/
Massachusetts ,Lexington Minuteman,http://www.townonline.com/lexington
Massachusetts ,Lowell Sun,http://www.lowellsun.com/
Massachusetts ,Malden Observer,http://www.townonline.com
Massachusetts ,Manchester Journal,http://www.manchesterjournal.com/
Massachusetts ,Martha's Vineyard Gazette,http://www.mvgazette.com/
Massachusetts ,Martha's Vineyard Times,http://www.mvtimes.com
Massachusetts ,Millbury-Sutton Chronicle,http://www.millburysutton.com/
Massachusetts ,Nantucket Independent,http://www.nantucketindependent.com/
Massachusetts ,Nantucket Inquirer & Mirror,http://www.ack.net
Massachusetts ,Newburyport Daily News,http://www.newburyportnews.com
Massachusetts ,North Adams Advocate Weekly,http://www.advocateweekly.com
Massachusetts ,North Adams Transcript,http://www.thetranscript.com/
Massachusetts ,Northampton Daily Hampshire Gazette,http://www.gazettenet.com/
Massachusetts ,Northeastern University News,http://nu-news.com/
Massachusetts ,Pepperell Free Press,http://www.pepperellfreepress.com/
Massachusetts ,Pittsfield Gazette,http://www.pittsfieldgazette.com/
Massachusetts ,Plymouth Old Colony Memorial,http://www.mpgnews.com/plymouth
Massachusetts ,Quincy Patriot Ledger,http://www.patriotledger.com
Massachusetts ,Salem Evening News,http://www.salemnews.com
Massachusetts ,Shirley Oracle,http://www.shirleyoracle.com/
Massachusetts ,South Boston Online,http://www.southbostononline.com/news/index.cfm
Massachusetts ,South Boston Tribune,http://www.southbostoninfo.com/
Massachusetts ,Southbridge Evening News,http://www.southbridgeeveningnews.com/
Massachusetts ,Standard-Times,http://www.s-t.com/
Massachusetts ,Swampscott Reporter,http://www.swampscottreporter.com
Massachusetts ,Taunton Daily Gazette,http://www.tauntongazette.com/
Massachusetts ,The Gardner News,http://www.thegardnernews.com/
Massachusetts ,Townsend Times,http://www.townsendtimes.com/
Massachusetts ,U of M - Amherst Daily Collegian,http://www.dailycollegian.com/
Massachusetts ,Valley Advocate,http://www.valleyadvocate.com/
Massachusetts ,Walpole Times,http://www.walpoletimes.com/
Massachusetts ,Wellesley Townsman,http://www.townonline.com/wellesley/
Massachusetts ,Westborough Community Advocate,http://www.communityadvocate.com/
Massachusetts ,Woburn Daily Times Chronicle,http://www.woburnonline.com
Massachusetts ,Worcester Telegram & Gazette,http://www.telegram.com/
