Mississippi ,Ackerman Choctaw Plaindealer,http://www.choctawplaindealer.com
Mississippi ,Bay St.Louis Sea Coast Echo,http://www.seacoastecho.com/
Mississippi ,Belzoni Banner,http://www.catfishcapitol.com/banner/
Mississippi ,Biloxi / Gulfport Sun Herald,http://www.sunherald.com/mld/sunherald/
Mississippi ,Biloxi Sun Herald,http://www.sunherald.com/mld/sunherald/
Mississippi ,Brookhaven Daily Leader,http://www.dailyleader.com
Mississippi ,Carthage Carthaginian,http://thecarthaginian.com/
Mississippi ,Clarksdale Press Register,http://www.pressregister.com/
Mississippi ,Cleveland Bolivar Commercial,http://www.bolivarcom.com
Mississippi ,Columbian Progress,http://www.columbianprogress.com
Mississippi ,Columbus Commercial Dispatch,http://www.cdispatch.com/
Mississippi ,Columbus Packet,http://myweb.cableone.net/columbuspacket/
Mississippi ,Corinth Daily Corinthian,http://www.dailycorinthian.com/
Mississippi ,DeSoto County Tribune,http://www.dctribune.com
Mississippi ,Eupora Webster Progress-Times,http://www.websterprogresstimes.com
Mississippi ,Greenville Delta Democrat Times,http://www.ddtonline.com/
Mississippi ,Greenwood Commonwealth,http://www.gwcommonwealth.com/
Mississippi ,Grenada Star,http://www.grenadastar.com/
Mississippi ,Hattiesburg American,http://www.hattiesburgamerican.com
Mississippi ,Hattiesburg Times,http://www.thetimeswire.com
Mississippi ,Houston Times Post,http://www.houstontimespost.com
Mississippi ,Jackson Advocate,http://www.jacksonadvocate.com/
Mississippi ,Jackson Clarion-Ledger,http://www.clarionledger.com
Mississippi ,Kosciusko Star Herald,http://www.starherald.net
Mississippi ,Laurel Leader-Call,http://www.leadercall.com/
Mississippi ,Louisville Winston County Journal,http://www.winstoncountyjournal.com/
Mississippi ,Louisville Winston County Journal,http://www.winstoncountyjournal.com
Mississippi ,Madison County Journal,http://www.onlinemadison.com
Mississippi ,McComb Enterprise-Journal,http://www.enterprise-journal.com/
Mississippi ,Meridian Star,http://www.meridianstar.com
Mississippi ,Mississippi Business Journal,http://www.msbusiness.com
Mississippi ,Mississippi Link,http://www.mississippilink.com/
Mississippi ,Mississippi State Univ Reflector,http://www.reflector-online.com/
Mississippi ,Natchez Democrat,http://www.natchezdemocrat.com/
Mississippi ,Natchez Sun,http://www.natchezsun.com/
Mississippi ,Neshoba Democrat,http://www.neshobademocrat.com/
Mississippi ,Newton Record,http://thenewtonrecord.com
Mississippi ,Oxford Eagle,http://www.oxfordeagle.com/
Mississippi ,Pascagoula Mississippi Press,http://www.gulflive.com/mississippipress/
Mississippi ,Picayune Item,http://www.picayuneitem.com/
Mississippi ,Senatobia Democrat,http://www.thedemocrat.com/
Mississippi ,Southaven DeSoto Appeal,http://www.desotoappeal.com/
Mississippi ,Southaven DeSoto Times,http://www.desototimes.com/
Mississippi ,Starkville Daily News,http://www.starkvilledailynews.com/
Mississippi ,Tunica Times,http://www.tunicatimes.com/
Mississippi ,Tupelo Daily Journal,http://www.djournal.com/
Mississippi ,Vicksburg Post,http://www.vicksburgpost.com
Mississippi ,West Point Daily Times Leader,http://www.dailytimesleader.com/
Mississippi ,Wiggins Stone County Enterprise,http://www.stonecountyenterprise.com/
