New York ,Asbury Park Press,http://www.app.com
New York ,Atlanticville of Long Branch,http://atlanticville.gmnews.com
New York ,Berkeley Times of Berkeley,http://berkeleytimes.micromediapubs.com
New York ,Brick Times of Brick,http://bricktimes.micromediapubs.com
New York ,Bridgeton Evening News,http://www.nj.com/news/bridgeton/
New York ,Bridgewater Courier-News,http://www.c-n.com/
New York ,Burlington County Times,http://www.phillyburbs.com/burlingtoncountytimes/
New York ,Business News New Jersey,http://www.njbiz.com/
New York ,Cape May County Herald,http://www.heraldnews.net
New York ,Cherry Hill Courier-Post,http://www.courierpostonline.com/
New York ,Dayton Cranbury Press,http://www.cranburypress.com
New York ,Dayton South Brunswick Post,http://www.southbrunswickpost.com
New York ,East Brunswick Home News Tribune,http://www.thnt.com/
New York ,East Orange Record,http://www.zwire.com/site/news.cfm?brd=1847&Nav_Sec=61433
New York ,Examiner of Allentown,http://examiner.gmnews.com
New York ,Glenridge Paper,http://www.localsource.com/
New York ,Gloucester County Times,http://www.nj.com/gloucester/
New York ,"Hackensack, The Record",http://www.NorthJersey.com/
New York ,Hammonton Gazette,http://www.hammontongazette.com
New York ,Alamogordo Daily News,http://www.alamogordonews.com/
New York ,Albuquerque Journal,http://www.abqjournal.com/
New York ,Albuquerque Kirtland AFB Newpaper,http://www.kirtland.af.mil/
New York ,Albuquerque Tribune,http://www.abqtrib.com
New York ,Albuquerque Weekly Alibi,http://alibi.com/
New York ,Artesia News,http://www.artesianews.com/
New York ,Belen - Valencia County News,http://www.news-bulletin.com/
New York ,Carlsbad Current-Argus,http://www.currentargus.com/
New York ,Clovis News Journal,http://www.clovis-news-nm.com/
New York ,Deming Headlight,http://www.demingheadlight.com/
New York ,Farmington Daily Times,http://www.daily-times.com/
New York ,Gallup Independent,http://www.gallupindependent.com/
New York ,Grants Cibola County Beacon,http://www.cibolabeacon.com/
New York ,Hobbs News-Sun,http://www.hobbsnews.com/
New York ,Las Cruces Sun-News,http://www.lcsun-news.com/
New York ,Los Alamos Monitor,http://www.lamonitor.com/
New York ,Mountain View Telegraph,http://www.mvtelegraph.com/
New York ,Portales News,http://www.portales-news.com/
New York ,Raton Range,http://www.ratonrange.com/
New York ,Rio Grande Sun,http://www.riograndesun.com/
New York ,Rio Rancho Observer,http://www.observer-online.com/
New York ,Roswell Daily Record,http://roswell-record.com/
New York ,Roswell Daily Record,http://www.roswell-record.com/
New York ,Ruidoso News,http://www.ruidosonews.com/
New York ,Sangre de Cristo Chronicle,http://www.sangrechronicle.com
New York ,Santa Fe New Mexican,http://www.sfnewmexican.com/
New York ,Santa Fe Times,http://www.santafetimes.com
New York ,Socorro El Defensor Chieftain,http://www.dchieftain.com/
New York ,Socorro Mountain Mail,http://www.mymountainmail.com/
New York ,Taos News,http://www.taosnews.com/
New York ,Timberon Mountaineer,http://www.timberon.com/
New York ,Truth or Consequences Herald,http://www.heraldpub.com/
New York ,Truth or Consequences Sierra County Sentinel,http://www.gpkmedia.com/
New York ,Albany Business Review,http://albany.bizjournals.com/albany/
New York ,Albany Times Union,http://www.timesunion.com/
New York ,Amherst Bee,http://www.amherstbee.com/
New York ,Amityville Record,http://www.amityvillerecord.com/
New York ,Astoria Times,http://www.zwire.com/site/news.cfm?brd=1079&nav_sec=65222
New York ,Auburn Citizen,http://www.auburnpub.com/
New York ,Babylon Beacon,http://www.babylonbeacon.com/
New York ,Bath Courier,http://www.steubencourier.com/
New York ,Bayside Times,http://www.zwire.com/site/news.cfm?brd=1079&nav_sec=65203
New York ,Bee Newspapers,http://www.beenews.com
