North Carolina ,Asbury Park Press,http://www.app.com
North Carolina ,Atlanticville of Long Branch,http://atlanticville.gmnews.com
North Carolina ,Berkeley Times of Berkeley,http://berkeleytimes.micromediapubs.com
North Carolina ,Brick Times of Brick,http://bricktimes.micromediapubs.com
North Carolina ,Bridgeton Evening News,http://www.nj.com/news/bridgeton/
North Carolina ,Bridgewater Courier-News,http://www.c-n.com/
North Carolina ,Burlington County Times,http://www.phillyburbs.com/burlingtoncountytimes/
North Carolina ,Business News New Jersey,http://www.njbiz.com/
North Carolina ,Cape May County Herald,http://www.heraldnews.net
North Carolina ,Cherry Hill Courier-Post,http://www.courierpostonline.com/
North Carolina ,Dayton Cranbury Press,http://www.cranburypress.com
North Carolina ,Dayton South Brunswick Post,http://www.southbrunswickpost.com
North Carolina ,East Brunswick Home News Tribune,http://www.thnt.com/
North Carolina ,East Orange Record,http://www.zwire.com/site/news.cfm?brd=1847&Nav_Sec=61433
North Carolina ,Examiner of Allentown,http://examiner.gmnews.com
North Carolina ,Glenridge Paper,http://www.localsource.com/
North Carolina ,Gloucester County Times,http://www.nj.com/gloucester/
North Carolina ,"Hackensack, The Record",http://www.NorthJersey.com/
North Carolina ,Hammonton Gazette,http://www.hammontongazette.com
North Carolina ,Alamogordo Daily News,http://www.alamogordonews.com/
North Carolina ,Albuquerque Journal,http://www.abqjournal.com/
North Carolina ,Albuquerque Kirtland AFB Newpaper,http://www.kirtland.af.mil/
North Carolina ,Albuquerque Tribune,http://www.abqtrib.com
North Carolina ,Albuquerque Weekly Alibi,http://alibi.com/
North Carolina ,Artesia News,http://www.artesianews.com/
North Carolina ,Belen - Valencia County News,http://www.news-bulletin.com/
North Carolina ,Carlsbad Current-Argus,http://www.currentargus.com/
North Carolina ,Clovis News Journal,http://www.clovis-news-nm.com/
North Carolina ,Deming Headlight,http://www.demingheadlight.com/
North Carolina ,Farmington Daily Times,http://www.daily-times.com/
North Carolina ,Gallup Independent,http://www.gallupindependent.com/
North Carolina ,Grants Cibola County Beacon,http://www.cibolabeacon.com/
North Carolina ,Hobbs News-Sun,http://www.hobbsnews.com/
North Carolina ,Las Cruces Sun-News,http://www.lcsun-news.com/
North Carolina ,Los Alamos Monitor,http://www.lamonitor.com/
North Carolina ,Mountain View Telegraph,http://www.mvtelegraph.com/
North Carolina ,Portales News,http://www.portales-news.com/
North Carolina ,Raton Range,http://www.ratonrange.com/
North Carolina ,Rio Grande Sun,http://www.riograndesun.com/
North Carolina ,Rio Rancho Observer,http://www.observer-online.com/
North Carolina ,Roswell Daily Record,http://roswell-record.com/
North Carolina ,Roswell Daily Record,http://www.roswell-record.com/
North Carolina ,Ruidoso News,http://www.ruidosonews.com/
North Carolina ,Sangre de Cristo Chronicle,http://www.sangrechronicle.com
North Carolina ,Santa Fe New Mexican,http://www.sfnewmexican.com/
North Carolina ,Santa Fe Times,http://www.santafetimes.com
North Carolina ,Socorro El Defensor Chieftain,http://www.dchieftain.com/
North Carolina ,Socorro Mountain Mail,http://www.mymountainmail.com/
North Carolina ,Taos News,http://www.taosnews.com/
North Carolina ,Timberon Mountaineer,http://www.timberon.com/
North Carolina ,Truth or Consequences Herald,http://www.heraldpub.com/
North Carolina ,Truth or Consequences Sierra County Sentinel,http://www.gpkmedia.com/
North Carolina ,Albany Business Review,http://albany.bizjournals.com/albany/
North Carolina ,Albany Times Union,http://www.timesunion.com/
North Carolina ,Amherst Bee,http://www.amherstbee.com/
North Carolina ,Amityville Record,http://www.amityvillerecord.com/
North Carolina ,Astoria Times,http://www.zwire.com/site/news.cfm?brd=1079&nav_sec=65222
North Carolina ,Auburn Citizen,http://www.auburnpub.com/
North Carolina ,Babylon Beacon,http://www.babylonbeacon.com/
North Carolina ,Bath Courier,http://www.steubencourier.com/
North Carolina ,Bayside Times,http://www.zwire.com/site/news.cfm?brd=1079&nav_sec=65203
North Carolina ,Bee Newspapers,http://www.beenews.com
North Carolina ,Andrews Journal,http://www.theandrewsjournal.com/
North Carolina ,Asheboro Courier-Tribune,http://www.courier-tribune.com
North Carolina ,Asheville Citizen-Times,http://www.citizen-times.com
North Carolina ,Black Mountain News,http://www.blackmountainnews.com/
North Carolina ,Boone Mountain Times,http://www.mountaintimes.com
North Carolina ,Boone Watauga Democrat,http://www.wataugademocrat.com/
North Carolina ,Brunswick Beacon,http://www.brunswickbeacon.com/
North Carolina ,Bryson City Smoky Mountain Times,http://www.thesmokymountaintimes.com/
North Carolina ,Burlington Times-News,http://www.thetimesnews.com/
North Carolina ,Business Journal of Charlotte,http://charlotte.bizjournals.com/charlotte/index.html
North Carolina ,Carolina Beach Island Gazette,http://www.islandgazette.net/
North Carolina ,Carteret County News-Times,http://www.topsailvoice.com/news-times/front/
North Carolina ,Cary News,http://www.carynews.com/
North Carolina ,Cashiers Crossroads Chronicle,http://www.crossroadschronicle.com/
North Carolina ,Chapel Hill News,http://www.chapelhill.com
North Carolina ,Charlotte Creative Loafing,http://charlotte.creativeloafing.com/
North Carolina ,Charlotte Observer,http://www.charlotteobserver.com/
North Carolina ,Charlotte Post,http://www.thecharlottepost.com/
North Carolina ,Charlotte Rhino Times,http://www.rhinotimes.com/charlotte/
North Carolina ,Chatham Journal,http://www.chathamjournal.com
North Carolina ,Clay County Progress,http://www.claycountyprogress.com/
North Carolina ,Clayton News-Star,http://www.claytonnews-star.com/
North Carolina ,Clemmons Courier,http://www.clemmonscourier.com/
North Carolina ,Cleveland Post,http://www.clevelandpost.com/
North Carolina ,Clinton Sampson Independent,http://www.clintonnc.com
North Carolina ,Concord/Kannapolis Independent Tribune,http://www.independenttribune.com/
North Carolina ,Denton Orator,http://www.dentonorator.com/
North Carolina ,Denver News at Norman,http://www.newsatnorman.com/
North Carolina ,Dunn Daily Record,http://www.dunndailyrecord.com/
North Carolina ,Durham Herald Sun,http://www.heraldsun.com/
North Carolina ,Durham Independent,http://www.indyweek.com/
North Carolina ,Eden Daily News,http://www.edendailynews.com
North Carolina ,Elizabeth City Daily Advance,http://www.dailyadvance.com/
North Carolina ,Elizabethtown Bladen Journal,http://www.bladenjournal.com/
North Carolina ,Elkin Tribune,http://www.elkintribune.com/
North Carolina ,Enterprise Mountaineer,http://www.themountaineer.com/
North Carolina ,Fayetteville Observer-Times,http://fayobserver.com/
North Carolina ,Forest City Digital Courier,http://www.thedigitalcourier.com/
North Carolina ,Franklin Macon County News,http://www.maconnews.com/main.html
North Carolina ,Franklin Press,http://www.thefranklinpress.com/
North Carolina ,Fremont News Leader,http://www.newsleadernow.com/
North Carolina ,Fuquay-Varina Independent,http://www.fuquay-varinaindependent.com/
North Carolina ,Garner News,http://www.garnernews.net/
North Carolina ,Gaston Gazette,http://www.gastongazette.com/
North Carolina ,Goldsboro News-Argus,http://www.newsargus.com/
North Carolina ,Greensboro Business Journal,http://www.amcity.com/triad/
North Carolina ,Greensboro Carolina Peacemaker,http://carolinapeacemaker.blackpressusa.com/news/default.asp
North Carolina ,Greensboro News and Record,http://www.news-record.com/
North Carolina ,Greensboro Rhino Times,http://www.rhinotimes.com/greensboro/
North Carolina ,Greenville Daily Reflector,http://www.reflector.com/
North Carolina ,Hampstead Topsail Voice,http://www.topsailvoice.com/
North Carolina ,Havelock News,http://www.havenews.com/
North Carolina ,Henderson Daily Dispatch,http://www.hendersondispatch.com/
North Carolina ,Hendersonville Times-News,http://www.hendersonvillenews.com/
North Carolina ,Hickory Daily Record,http://www.hickoryrecord.com/
North Carolina ,Highpoint Enterprise,http://www.hpe.com/
North Carolina ,Hillsborough News of Orange County,http://www.newsoforange.com/
North Carolina ,Huntersville Herald,http://www.huntersvilleherald.com/
North Carolina ,Jacksonville Daily News,http://www.jacksonvilledailynews.com
North Carolina ,Jamestown News,http://www.jamestownnews.com/
North Carolina ,Jefferson Post,http://www.jeffersonpost.com/
North Carolina ,Kannapolis Independent Tribune,http://www.independenttribune.com
North Carolina ,Kenly News,http://www.kenlynews.com/
North Carolina ,Kernersville News,http://kernersvillenews.com/
North Carolina ,Kinston Free Press,http://www.kinston.com/
North Carolina ,Laurinburg Exchange,http://www.laurinburgexchange.com/
North Carolina ,Lenoir News-Topic,http://www.newstopic.net/
North Carolina ,Lexington Dispatch,http://www.the-dispatch.com/
North Carolina ,Lincolnton Times-News,http://www.lincolntimesnews.com/
North Carolina ,Lumberton Robesonian,http://www.robesonian.com
North Carolina ,McDowell News,http://www.mcdowellnews.com/
North Carolina ,Mitchell News-Journal,http://www.mitchellnews.com/
North Carolina ,Mocksville Enterprise-Record,http://www.enterprise-record.com/
North Carolina ,Monroe Enquirer-Journal,http://www.enquirerjournal.com/
North Carolina ,Mooresville Tribune,http://www.mooresvilletribune.com/
North Carolina ,Morganton News Herald,http://www.morganton.com/
North Carolina ,Mount Airy News,http://www.mtairynews.com/
North Carolina ,Mount Olive Tribune,http://www.mountolivetribune.com/
North Carolina ,Murphy Cherokee Scout,http://www.thecherokeescout.com/
North Carolina ,Nags Head Sentinel,http://www.womacknewspapers.com/obsentinel/
North Carolina ,Newton Observer News Enterprise,http://www.observernewsonline.com/
North Carolina ,North Wilkesboro Record,http://www.therecordofwilkes.com
North Carolina ,Pamilco News,http://www.pamliconews.com
North Carolina ,Princeton News Leader,http://www.princetonleadernow.com/
North Carolina ,Raeford News Journal,http://www.thenews-journal.com/
North Carolina ,Raleigh News & Observer,http://www.news-observer.com/
North Carolina ,Reidsville Review,http://www.reidsvillereview.com/
North Carolina ,Richmond County Daily Journal,http://www.yourdailyjournal.com/
North Carolina ,Roanoke Rapids Daily Herald,http://www.rrdailyherald.com/
North Carolina ,Roanoke-Chowan News Herald,http://www.roanoke-chowannewsherald.com/
North Carolina ,Robbinsville Graham Star,http://www.grahamstar.com/
North Carolina ,Rocky Mount Telegram,http://www.rockymounttelegram.com/
North Carolina ,Roxboro Courier-Times,http://www.roxboro-courier.com/
North Carolina ,Salisbury Post,http://www.salisburypost.com/
North Carolina ,Sanford Herald,http://www.sanfordherald.com/
North Carolina ,Shelby Daily Star,http://www.shelbystar.com/
North Carolina ,Siler City Chatham News,http://www.thechathamnews.com/
North Carolina ,Smithfield Herald,http://www.smithfieldherald.com/
North Carolina ,South Charlotte Weekly,http://www.southcharlotteweekly.com
North Carolina ,Southern Pines Pilot,http://www.thepilot.com
North Carolina ,Southport State Port Pilot,http://www.stateportpilot.com/
North Carolina ,Sparta Alleghany News,http://www.ls.net/~allnews
North Carolina ,Statesville Record & Landmark,http://www.statesville.com
North Carolina ,Swansboro Tideland News,http://www.nccoastonline.com/TidelandNews.html
North Carolina ,Sylva Herald,http://www.thesylvaherald.com/
North Carolina ,Tarboro Daily Southerner,http://www.dailysoutherner.com/
North Carolina ,Taylorsville Times,http://www.taylorsvilletimes.com/
North Carolina ,Thomasville Times,http://www.thomasvilletimes.net/
North Carolina ,Triangle Business Journal,http://www.amcity.com/triangle/index.html
North Carolina ,Troy Montgomery Herald,http://www.montgomeryherald.com/
North Carolina ,Tryon Daily Bulletin,http://www.tryondailybulletin.com/
North Carolina ,Wadesboro Anson Record,http://www.yourdailyjournal.com/anson-record/
North Carolina ,Wake Forest Wake Weekly,http://www.wakeweekly.com/
North Carolina ,Warrenton Record,http://www.vancnews.com/warrenton/
North Carolina ,Washington Daily News,http://www.wdnweb.com/
North Carolina ,Waynesville Enterprise Mountaineer,http://www.themountaineer.com
North Carolina ,Whiteville News Reporter,http://www.whiteville.com/
North Carolina ,Wilmington Morning Star,http://www.wilmingtonstar.com/
North Carolina ,Wilson Daily Times,http://www.wilsondaily.com/
North Carolina ,Winston-Salem Journal,http://www.journalnow.com
North Carolina ,Wrightsville Beach Lumina News,http://www.luminanews.com/
North Carolina ,Zebulon Eastern Wake News,http://www.easternwakenews.com/
