Rhode Island ,Allentown Morning Call,http://www.mcall.com/
Rhode Island ,Altoona Mirror,http://www.altoonamirror.com/
Rhode Island ,Ambler Gazette,http://philanet.com/news/ambler/
Rhode Island ,Ardmore Main Line Times,http://www.mainlinetimes.com
Rhode Island ,Aspinwall Valley Herald,http://www.valleyherald.com
Rhode Island ,Beaver County Times,http://www.timesonline.com
Rhode Island ,Bedford Gazette,http://www.bedfordgazette.com/
Rhode Island ,Blairsville Dispatch,http://www.blairsvilledispatch.com/
Rhode Island ,Bloomsburg-Berwick Press Enterprise,http://www.pressenterpriseonline.com
Rhode Island ,Bradford Era,http://www.bradfordera.com/
Rhode Island ,Bridgeville Area News,http://www.bridgevillestar.com/
Rhode Island ,Butler Eagle,http://www.butlereagle.com/
Rhode Island ,Carlisle Sentinel,http://www.cumberlink.com/
Rhode Island ,Carnegie Signal-Item,http://www.signalitemstar.com/
Rhode Island ,Chambersburg Gazette News,http://www.thegazettenews.com/
Rhode Island ,Chambersburg Public Opinion,http://www.publicopiniononline.com/
Rhode Island ,Chester County Local Daily News,http://www.dailylocal.com/
Rhode Island ,Chester County Press (Oxford),http://www.chestercounty.com/press/default.htm
Rhode Island ,Clarion News,http://www.theclarionnews.com
Rhode Island ,Clearfield Gant Daily,http://www.gantdaily.com/
Rhode Island ,Clearfield Progress,http://www.theprogressnews.com/
Rhode Island ,Connellsville Daily Courier,http://www.dailycourier.com/
Rhode Island ,Coraopolis Record,http://www.coraopolisstar.com/
Rhode Island ,Cranberry Journal,http://www.cranberrystar.com/
Rhode Island ,Danville News,http://www.danvillenews.net/
Rhode Island ,Delaware County Daily Times,http://www.delcotimes.com/
Rhode Island ,Doylestown Intelligencer-Record,http://www.phillyburbs.com/
Rhode Island ,DuBois Courier Express,http://www.thecourierexpress.com/
Rhode Island ,Easton Express-Times,http://www.pennlive.com/expresstimes/
Rhode Island ,Ellwood City Ledger,http://www.ellwoodcityledger.com
Rhode Island ,Emlenton Progress News,http://www.progressnews.net
Rhode Island ,Erie Times-News,http://www.goerie.com/
Rhode Island ,Forest City News,http://www.forestcitynews.com/
Rhode Island ,Franklin Park North Journal,http://www.northjournalstar.com/
Rhode Island ,Gateway Press,http://www.ghplus.com/
Rhode Island ,Gettysburg Times,http://www.gettysburgtimes.com/
Rhode Island ,Greencastle Echo-Pilot,http://www.echo-pilot.com/
Rhode Island ,Greensburg Tribune-Review,http://www.triblive.com
Rhode Island ,Grove City Allied News,http://www.alliednews.com
Rhode Island ,Hanover Evening Sun,http://www.eveningsun.com/
Rhode Island ,Harrisburg Patriot-News,http://www.pennlive.com/patriotnews/
Rhode Island ,Havertown News of Delaware County,http://www.newsofdelawarecounty.com/
Rhode Island ,Hazleton Standard Speaker,http://www.standardspeaker.com/Pages/Home.html
Rhode Island ,Honesdale Wayne Independent,http://www.wayneindependent.com/
Rhode Island ,Indiana Gazette,http://www.indianagazette.com/
Rhode Island ,Irwin Standard Observer,http://triblive.com/news/observer/
Rhode Island ,Johnstown Tribune-Democrat,http://www.tribune-democrat.com/
Rhode Island ,Kennett Square Paper,http://www.zwire.com/site/news.cfm?brd=2250
Rhode Island ,Kittanning Leader Times,http://triblive.com/news/leader/index.html
Rhode Island ,Lancaster Intelligencer Journal,http://www.lancnews.com/intell/
Rhode Island ,Lancaster New Era,http://www.lancasteronline.com/newera/
Rhode Island ,Leader Times,http://www.leadertimes.com/
Rhode Island ,Leavittown Bucks County Courier Times,http://www.phillyburbs.com/
Rhode Island ,Lebanon Daily News,http://www.ldnews.com/
Rhode Island ,Lehigh Valley Times,http://www.pennlive.com/expresstimes/
Rhode Island ,Lehighton Times News,http://www.tnonline.com/online/
Rhode Island ,Lewisburg Daily Journal,http://www.standard-journal.com/
Rhode Island ,Lewistown Sentinel,http://lewistownsentinel.com/
Rhode Island ,Lock Haven Express,http://www.lockhaven.com/Express/index.asp
Rhode Island ,McConnellsburg Fulton County News,http://www.fultoncountynews.com/
Rhode Island ,McKeesport Daily News,http://www.dailynewsmckeesport.com/
Rhode Island ,McMurray Almanac,http://www.thealmanac.net
Rhode Island ,Meadville Tribune Online,http://www.meadvilletribune.com/
Rhode Island ,Middletown Press and Journal,http://www.harrisburg.com/harrisburgNEW/MAIN_pages/pressjournal.html
Rhode Island ,Milford Tri State News,http://www.tristatenews.com
Rhode Island ,Milford Tri State Observer,http://tristateobserver.com
Rhode Island ,Millersburg Upper Dauphin Sentinel,http://www.sentinelnow.com/
Rhode Island ,Milton Standard,http://www.standard-journal.com/
Rhode Island ,Monessen Valley Independent,http://www.valleyindependent.com
Rhode Island ,Monroeville Moon Record,http://www.moonrecordstar.com/
Rhode Island ,Monroeville Times Express,http://www.timesexpressstar.com/
Rhode Island ,Mountaintop Eagle,http://www.mteagle.com/
Rhode Island ,Murrysville Area Star,http://www.murrysvillestar.com/
Rhode Island ,New Castle News,http://www.ncnewsonline.com/
Rhode Island ,New Pittsburgh Courier,http://www.newpittsburghcourier.com
Rhode Island ,News Gleaner,http://philanet.com/gleaner/
Rhode Island ,Norristown Times Herald,http://www.timesherald.com/
Rhode Island ,Norwin Star,http://www.norwinstar.com
Rhode Island ,Oakmont Advance Leader,http://www.oakmontveronastar.com/
Rhode Island ,Oil City Derrick,http://www.thederrick.com/
Rhode Island ,Oil City News-Herald,http://www.thederrick.com/nherald.shtml
Rhode Island ,Penn Hills Progress,http://www.pennhillsstar.com/
Rhode Island ,Barrington Times,http://www.barringtonri.com
Rhode Island ,Bristol Phoenix,http://www.bristolri.com
Rhode Island ,Chariho Times,http://www.charihotimes.com
Rhode Island ,Coventry Courier,http://www.coventrycourier.com
Rhode Island ,Cranston Herald,http://www.cranstonherald.com/
Rhode Island ,East Greenwich Pendulum,http://www.ricentral.com
