Virginia ,Alexandria Del Ray Sun,http://www.delraysun.net/
Virginia ,Alexandria Journal,http://www.jrnl.com/
Virginia ,Annandale Times,http://www.zwire.com/site/news.cfm?brd=1900
Virginia ,Arlington Journal,http://www.jrnl.com/
Virginia ,Bedford Bulletin,http://www.bedfordbulletin.com
Virginia ,Bland County Messenger,http://www.blandnews.com/
Virginia ,Bristol Herald Courier,http://www.bristolnews.com
Virginia ,Burke Times,http://www.zwire.com/site/news.cfm?brd=1900
Virginia ,Carroll News,http://www.thecarrollnews.com/
Virginia ,Centreville Times,http://www.zwire.com/site/news.cfm?brd=1899
Virginia ,Chantilly Times,http://www.zwire.com/site/news.cfm?brd=1899
Virginia ,Charlottesville Daily Progress,http://www.dailyprogress.com/
Virginia ,Chesterfield Progress-Index,http://www.progress-index.com
Virginia ,Chincoteague Beacon,http://www.dailytimesonline.com/chincoteague/
Virginia ,Clinch Valley News,http://www.richlands-news-press.com/
Virginia ,Coalfield Progress,http://www.coalfield.com/
Virginia ,Covington Virginia Review,http://www.alleghanyhighlands.com/
Virginia ,Culpeper Citizen,http://www.culpepercitizen.com/
Virginia ,Culpeper News,http://www.culpepernews.com/
Virginia ,Culpeper Star-Exponent,http://www.starexponent.com/
Virginia ,D.C. Military News,http://www.dcmilitary.com/
Virginia ,Danville Register & Bee Online,http://www.registerbee.com/
Virginia ,Eastern Shore Post,http://www.easternshorepost.com/
Virginia ,Elkton Valley Banner,http://www.dnronline.com/vb.html
Virginia ,Emporia Independent-Messenger,http://www.independentmessenger.com/
Virginia ,Fairfax County Journal,http://www.jrnl.com/
Virginia ,Fairfax Times,http://www.zwire.com/site/news.cfm?brd=1900
Virginia ,Falls Church News-Press,http://www.fcnp.com
Virginia ,Fauquier Citizen,http://www.citizenet.com/
Virginia ,Fauquier Times-Democrat,http://www.zwire.com/site/news.cfm?brd=1904
Virginia ,Fincastle Herald,http://www.mainstreetnewspapers.com/fincastle/
Virginia ,Floyd Press,http://www.floydpress.com/
Virginia ,Fredericksburg Free Lance-Star,http://www.freelancestar.com
Virginia ,Fredricksburg StarWeb,http://www.fredericksburg.com/
Virginia ,Galax Gazette,http://www.galaxgazette.com/
Virginia ,Gate City Virginia Star,http://www.virginiastar.net
Virginia ,Goochland Courier,http://www.goochlandcourier.com/
Virginia ,Great Falls Times,http://www.zwire.com/site/news.cfm?brd=1903
Virginia ,Greene County Record,http://www.greene-news.com/
Virginia ,Grundy Virginia Mountaineer,http://www.virginiamountaineer.com/
Virginia ,Hampton Roads Pilot Online,http://www.pilotonline.com/
Virginia ,Hanover Herald-Progress,http://www.herald-progress.com
Virginia ,Harrisonburg Daily News Record,http://www.dnronline.com
Virginia ,Henderson Hall News,http://www.dcmilitary.com/marines/hendersonhall/
Virginia ,Herndon Observer Online,http://www.observernews.com
Virginia ,Herndon Times,http://www.zwire.com/site/news.cfm?brd=1898
Virginia ,Hopewell News,http://www.hopewellnews.com/
Virginia ,Hopewell Progress-Index,http://www.progress-index.com
Virginia ,Hot Springs-Monterey Recorder,http://www.therecorderonline.com/
Virginia ,King George Journal Press,http://www.journalpress.com/
Virginia ,Leesburg Today,http://www.leesburg2day.com
Virginia ,Lexington News-Gazette,http://www.thenews-gazette.com/
Virginia ,Lexington Rockbridge Weekly,http://www.rockbridgeweekly.com
Virginia ,Loudoun Easterner,http://www.easterner.com/
Virginia ,Loudoun Times-Mirror,http://www.loudountimes.com
Virginia ,Louisa Central Virginian News,http://www.thecentralvirginian.com
Virginia ,Luray Page News & Courier,http://www.pagenewsonline.com/pnc.html
Virginia ,Lynchburg Ledger Online,http://www.theledgeronline.com
Virginia ,Lynchburg News & Advance,http://www.newsadvance.com/
Virginia ,Madison County Eagle,http://www.madison-news.com
Virginia ,Manassas Journal Messenger,http://www.manassasjm.com/
Virginia ,Martinsville Bulletin,http://www.martinsvillebulletin.com/
Virginia ,Martinsville Daily,http://www.martinsvilledaily.com/
Virginia ,McLean Times,http://www.zwire.com/site/news.cfm?brd=1903
Virginia ,Metro Herald Online Edition,http://www.metroherald.com
Virginia ,Montgomery County Journal,http://www.jrnl.com/
Virginia ,Montgomery County News Messenger,http://www.mainstreetnewspapers.com/montgomery/
Virginia ,New Castle Record,http://www.mainstreetnewspapers.com/new_castle/
Virginia ,New River Valley Current,http://www.newrivervalley.com/news/index.html
Virginia ,Newport News-Hampton Daily Press,http://www.dailypress.com
Virginia ,Norfolk Inside Business,http://www.insidebiz.com/
Virginia ,Norfolk Virginian-Pilot,http://www.pilotonline.com/
Virginia ,Northern Virginia Daily,http://www.shenandoah.com/
Virginia ,Orange County Review,http://www.orangenews.com/
Virginia ,Petersburg Progress-Index,http://www.progress-index.com
Virginia ,Potomac News,http://www.potomacnews.com/News/index.htm
Virginia ,Prince William County Journal,http://www.jrnl.com/
Virginia ,Pulaski Southwest Times,http://www.southwesttimes.com/
Virginia ,Radford News Journal,http://www.mainstreetnewspapers.com/radford/
Virginia ,Rappahannock News,http://www.zwire.com/site/news.cfm?brd=1904&Nav_Sec=20992/
Virginia ,Rappahannock Record,http://www.rrecord.com
Virginia ,Reston Times,http://www.zwire.com/site/news.cfm?brd=1898
Virginia ,Richlands News-Press,http://www.richlands-news-press.com/
Virginia ,Richmond Times-Dispatch,http://www.timesdispatch.com/
Virginia ,Richmond.com,http://www.richmond.com/
Virginia ,Roanoke Blue Ridge Business Journal,http://www.bizjournal.com
Virginia ,Roanoke Times,http://www.roanoke.com/
Virginia ,Salem Times-Register,http://www.mainstreetnewspapers.com/salem/
Virginia ,Shenandoah Valley Herald,http://www.valley-herald.com/svh.html
Virginia ,Smithfield Times,http://www.smithfieldtimes.com/
Virginia ,Smyth County News & Messenger,http://www.smythnews.com
Virginia ,South Boston Gazette-Virginian,http://www.gazettevirginian.com/
Virginia ,Southside Sentinel,http://www.ssentinel.com/
Virginia ,Southwest Virginia Enterprise,http://www.wythenews.com
Virginia ,Springfield Times,http://www.zwire.com/site/news.cfm?brd=1900
Virginia ,Staunton Daily News Leader,http://www.newsleader.com/
Virginia ,Stuart Enterprise,http://www.theenterprise.net/
Virginia ,Style Weekly,http://www.styleweekly.com/
Virginia ,Suffolk News-Herald,http://www.suffolknewsherald.com/
Virginia ,Tasley Eastern Shore News,http://www.easternshorenews.com/
Virginia ,Times Community Newspapers,http://www.TimesCommunity.com
Virginia ,Urbanna Southside Sentinel,http://www.ssentinel.com/
Virginia ,Vienna Times,http://www.zwire.com/site/news.cfm?brd=1903
Virginia ,Vinton Messenger,http://www.mainstreetnewspapers.com/vinton/
Virginia ,Virginia's Military Re-Sources,http://www.vamilitary.net
Virginia ,Warrenton Fauquier Democrat,http://www.fauquier.com
Virginia ,Waynesboro News-Virginian,http://www.newsvirginian.com
Virginia ,Williamsburg Virginia Gazette,http://www.vagazette.com/
Virginia ,Winchester News Online,http://www.winchesternews.com/
Virginia ,Winchester Star,http://www.winchesterstar.com
Virginia ,Woodbridge Potomac News,http://www.potomacnews.com/
Virginia ,Wythe Southwest Virginia Enterprise,http://www.wythenews.com/
