District of Columbia ,Alexander City Outlook,http://www.hometownnews.com/paper/show/B61FCB60A3774105
District of Columbia ,Andalusia Star News,http://www.hometownnews.com/paper/show/DF05E69971A0C873
District of Columbia ,Athens News-Courier,http://www.hometownnews.com/paper/show/146049CEF094E00B
District of Columbia ,Atmore Advance,http://www.hometownnews.com/paper/show/4882EAFE4DCB9030
District of Columbia ,Auburn Plainsman,http://www.hometownnews.com/paper/show/264F2733EAA50658
District of Columbia ,Birmingham Business Journal,http://www.hometownnews.com/paper/show/C613792D49DBFC7B
District of Columbia ,Birmingham News,http://www.hometownnews.com/paper/show/C348482C6577F786
District of Columbia ,Birmingham Times,http://www.hometownnews.com/paper/show/FD18637FB2E68BFD
District of Columbia ,Brewton Standard,http://www.hometownnews.com/paper/show/FBF68EE9419218E1
District of Columbia ,Carrollton Pickens County Herald,http://www.hometownnews.com/paper/show/37C90E4F7BE08C24
District of Columbia ,Centre Post Online,http://www.hometownnews.com/paper/show/A39D6AAD1EE53BA6
District of Columbia ,Cherokee County Herald,http://www.hometownnews.com/paper/show/A2C7DDE9511728E7
District of Columbia ,Citronelle Call News,http://www.hometownnews.com/paper/show/BF58FF56453561DA
District of Columbia ,Clanton Advertiser,http://www.hometownnews.com/paper/show/CEEE89EA6B5C3EC5
District of Columbia ,Clarke County Democrat,http://www.hometownnews.com/paper/show/FEF159C6EDF8EF4B
District of Columbia ,Clay News,http://www.hometownnews.com/paper/show/152341AC5BF424A8
District of Columbia ,Cleburne News,http://www.hometownnews.com/paper/show/FC1FE172D22A74EF
District of Columbia ,Crimson White,http://www.hometownnews.com/paper/show/53B23CA785B7072B
District of Columbia ,Cullman Times,http://www.hometownnews.com/paper/show/91A7895C8A473843
District of Columbia ,Daleville Sun-Courier,http://www.hometownnews.com/paper/show/8584EDD79D72876A
District of Columbia ,Decatur Daily,http://www.hometownnews.com/paper/show/9DEF5E3879147A39
District of Columbia ,Deep South Jewish Voice,http://www.hometownnews.com/paper/show/92A573DCF0F220E4
District of Columbia ,Demopolis Times,http://www.hometownnews.com/paper/show/E212EF9534EB8183
District of Columbia ,Dothan Eagle,http://www.hometownnews.com/paper/show/67F5B4DA42941B22
District of Columbia ,Dothan Southeast Sun,http://www.hometownnews.com/paper/show/D9CA447F89FD0862
District of Columbia ,Eclectic Observer,http://www.hometownnews.com/paper/show/1E902AED6BDF728E
District of Columbia ,Enterprise Ledger,http://www.hometownnews.com/paper/show/4AE3B1C999417AF3
District of Columbia ,Eufaula Tribune,http://www.hometownnews.com/paper/show/623FA409239E6158
District of Columbia ,Florence Times Daily,http://www.hometownnews.com/paper/show/FA2C960317BC469A
District of Columbia ,Fort Payne Times Journal,http://www.hometownnews.com/paper/show/3D07FBEB2B957BFD
District of Columbia ,Franklin County Times,http://www.hometownnews.com/paper/show/716067DF35EB31BC
District of Columbia ,Ft. Rucker Army Flier,http://www.hometownnews.com/paper/show/6AF94586B0A18BD6
District of Columbia ,Ft. Rucker News-Southeast Sun,http://www.hometownnews.com/paper/show/4C0AD86318883BA3
District of Columbia ,Gadsden Messenger,http://www.hometownnews.com/paper/show/A16A86A52DE3C62B
District of Columbia ,Gadsden Times,http://www.hometownnews.com/paper/show/D4AEBBD102354427
District of Columbia ,Gardendale North Jefferson News,http://www.hometownnews.com/paper/show/0D65C0E015630C6E
District of Columbia ,Gilbertown Choctaw Sun,http://www.hometownnews.com/paper/show/8A0E25E22A2AE8E4
District of Columbia ,Greenville Advocate,http://www.hometownnews.com/paper/show/F4718BDACB191753
District of Columbia ,Guntersville Advertiser-Gleam,http://www.hometownnews.com/paper/show/F0942ACF7D4F450F
District of Columbia ,Hartselle Enquirer,http://www.hometownnews.com/paper/show/EE06DD139F490243
District of Columbia ,Heflin Cleburne News,http://www.hometownnews.com/paper/show/99CF51794FA35C88
District of Columbia ,Huntsville Times,http://www.hometownnews.com/paper/show/5CCBE3682C8656C2
District of Columbia ,Huntsville Virtual Times,http://www.hometownnews.com/paper/show/C1DD1BA30B539201
District of Columbia ,Jackson South Alabamian,http://www.hometownnews.com/paper/show/6317AAE112D5EEE7
District of Columbia ,Jacksonville News,http://www.hometownnews.com/paper/show/B9F048678680C94D
District of Columbia ,Jasper Daily Mountain Eagle,http://www.hometownnews.com/paper/show/97FAB1873F3B1826
District of Columbia ,Lanett Valley Times-News,http://www.hometownnews.com/paper/show/5EA3BD4660D8EB28
District of Columbia ,Livingston Record Journal,http://www.hometownnews.com/paper/show/23C5A8CAC34B3B67
District of Columbia ,Madison County Record,http://www.hometownnews.com/paper/show/9C454BF7A0A34F53
District of Columbia ,Mobile Register,http://www.hometownnews.com/paper/show/84D64B8CFB4B07E8
District of Columbia ,Monroe Journal,http://www.hometownnews.com/paper/show/DCB58DC19F37C8C8
District of Columbia ,Montgomery Advertiser,http://www.hometownnews.com/paper/show/FD2E92666CAF2EB2
District of Columbia ,Montgomery Independent,http://www.hometownnews.com/paper/show/EAA06916C2548BFC
District of Columbia ,Northport Gazette,http://www.hometownnews.com/paper/show/306546C5EAA2F2C8
District of Columbia ,Opelika-Auburn News,http://www.hometownnews.com/paper/show/FC1F380B7F152ABD
District of Columbia ,Oxford Independent,http://www.hometownnews.com/paper/show/B112287DD285D85B
District of Columbia ,Rainsville Weekly Post,http://www.hometownnews.com/paper/show/8DCB15FBA4F3302D
District of Columbia ,Roanoke -  The Randolph Leader,http://www.hometownnews.com/paper/show/4344C95398FEED7D
District of Columbia ,Sand Mountain Reporter,http://www.hometownnews.com/paper/show/F77DF6FD79C06E3A
District of Columbia ,Scottsboro Daily Sentinel,http://www.hometownnews.com/paper/show/F58C05E396D6183D
District of Columbia ,Selma Times-Journal,http://www.hometownnews.com/paper/show/F77B7D2E2D2CA3A9
District of Columbia ,Shelby County Reporter,http://www.hometownnews.com/paper/show/95B6C104C158ED58
District of Columbia ,St. Clair Times,http://www.hometownnews.com/paper/show/3B3214BC4A57F75B
District of Columbia ,Talladega Daily Home,http://www.hometownnews.com/paper/show/DB5664322F1F7CCD
District of Columbia ,The Anniston Star,http://www.hometownnews.com/paper/show/0E183AB17B91400E
District of Columbia ,Thomasville Times,http://www.hometownnews.com/paper/show/CC035AAF7333FD64
District of Columbia ,Troy Messenger,http://www.hometownnews.com/paper/show/113B6D399E64C4A1
District of Columbia ,Tuscaloosa News,http://www.hometownnews.com/paper/show/925FDA448758E328
District of Columbia ,Wetumpka Herald,http://www.hometownnews.com/paper/show/8D636D3DFC445778
District of Columbia ,Alaska Star,http://www.hometownnews.com/paper/show/D2DE79A484DF1117
District of Columbia ,Anchorage Daily News,http://www.hometownnews.com/paper/show/B7821251E2007CB6
District of Columbia ,Anchorage Press,http://www.hometownnews.com/paper/show/D69B0EE6DC6653ED
District of Columbia ,Chilkat Valley News,http://www.hometownnews.com/paper/show/BA402B70B3FE437A
District of Columbia ,Fairbanks Daily News-Miner,http://www.hometownnews.com/paper/show/70D70E2C5F5595E7
District of Columbia ,Homer Tribune,http://www.hometownnews.com/paper/show/4ED48DAC71338A98
District of Columbia ,Juneau Empire,http://www.hometownnews.com/paper/show/CE2EAA143A010297
District of Columbia ,Ketchikan Daily News,http://www.hometownnews.com/paper/show/18918332933F948F
District of Columbia ,Kodiak Daily Mirror,http://www.hometownnews.com/paper/show/F95D5B54F9AA9A2D
District of Columbia ,Nome Nugget,http://www.hometownnews.com/paper/show/6E8F4FAF9CA8F1BB
District of Columbia ,Peninsula Clarion,http://www.hometownnews.com/paper/show/CCAC38388BB89CCA
District of Columbia ,Petersburg Pilot,http://www.hometownnews.com/paper/show/C8F4C4BF3F497C14
District of Columbia ,Skagway News,http://www.hometownnews.com/paper/show/C3588DF1BF12D2A3
District of Columbia ,Wasilla Frontiersman,http://www.hometownnews.com/paper/show/F58A70375BD1E056
District of Columbia ,Ahwatukee Foothills News,http://www.hometownnews.com/paper/show/20CCF7AF71CBFFD8
District of Columbia ,Ajo Copper News,http://www.hometownnews.com/paper/show/8FF275FFF2990598
District of Columbia ,Apache Junction News,http://www.hometownnews.com/paper/show/A6C1D17C5185FE2B
District of Columbia ,Arizona Business Gazette,http://www.hometownnews.com/paper/show/DA11D6661400286A
District of Columbia ,Arizona Capitol Times,http://www.hometownnews.com/paper/show/CD87C1007628556E
District of Columbia ,Arizona City Independent,http://www.hometownnews.com/paper/show/6DB7DFB9CEF3BEA7
District of Columbia ,Arizona Daily Star (Tucson),http://www.hometownnews.com/paper/show/AAC9FC02A7CF2FD1
District of Columbia ,Arizona Daily Sun (Flagstaff),http://www.hometownnews.com/paper/show/FF2919B153DBD927
District of Columbia ,Alma Journal,http://www.hometownnews.com/paper/show/D3D46D31EE066512
District of Columbia ,Arkadelphia Siftings Herald,http://www.hometownnews.com/paper/show/278358136A724E33
District of Columbia ,Arkansas Business Online,http://www.hometownnews.com/paper/show/7FBC8D274FDA48A4
District of Columbia ,Arkansas Democrat-Gazette,http://www.hometownnews.com/paper/show/AE7A618AB7177DAE
District of Columbia ,Arkansas Times,http://www.hometownnews.com/paper/show/D86E7ED5BA091122
District of Columbia ,Atkins Chronicle,http://www.hometownnews.com/paper/show/C8B3BB7FC12F4238
District of Columbia ,Batesville Arkansas Weekly,http://www.hometownnews.com/paper/show/D8B66C4912D6D135
District of Columbia ,Batesville Daily Guard,http://www.hometownnews.com/paper/show/11C26DEA2D491E59
District of Columbia ,Beebe News,http://www.hometownnews.com/paper/show/1B5AB09E79C4EAA9
District of Columbia ,Bella Vista Weekly Vista,http://www.hometownnews.com/paper/show/5300DF723FC35E75
District of Columbia ,Benton County Daily Record,http://www.hometownnews.com/paper/show/AE1594CF95CA2292
District of Columbia ,Benton Courier,http://www.hometownnews.com/paper/show/0DBB7D57CEE768F7
District of Columbia ,Berryville Carroll County News,http://www.hometownnews.com/paper/show/FD2DE44FCE0CD7E8
District of Columbia ,Blytheville Courier News,http://www.hometownnews.com/paper/show/A5C5E79084EF3C86
District of Columbia ,Booneville Democrat,http://www.hometownnews.com/paper/show/CF0C47BCCC523CED
District of Columbia ,Bryant Times,http://www.hometownnews.com/paper/show/ACAF1B0336E2CF2D
District of Columbia ,Cabot Star-Herald,http://www.hometownnews.com/paper/show/2D3E66D1527ECDEA
District of Columbia ,Camden News,http://www.hometownnews.com/paper/show/217547E1DA27605B
District of Columbia ,Carlisle Independent,http://www.hometownnews.com/paper/show/0E0E8ADB2E0B573B
District of Columbia ,Charleston Express,http://www.hometownnews.com/paper/show/13EB6FEEE509687A
District of Columbia ,Cherokee Village Villager Journal,http://www.hometownnews.com/paper/show/9B0AF5A3B25CB70F
District of Columbia ,Clarksville Johnson County Graphic,http://www.hometownnews.com/paper/show/ADC6B4F4B0B9CF8C
District of Columbia ,Clinton Van Buren County Democrat,http://www.hometownnews.com/paper/show/71952606EC37422E
District of Columbia ,Conway Log Cabin Democrat,http://www.hometownnews.com/paper/show/DAEC4E43C567E422
District of Columbia ,Crossett - Ashley News Observer,http://www.hometownnews.com/paper/show/4A43B11FAF358851
District of Columbia ,Dardanelle Courier,http://www.hometownnews.com/paper/show/C0437C1A02C7EE50
District of Columbia ,DeQueen Bee,http://www.hometownnews.com/paper/show/9A02EF7DF6E093D3
District of Columbia ,DeValls Bluff Times,http://www.hometownnews.com/paper/show/9D6102E18BD817FB
District of Columbia ,DeWitt Era-Enterprise,http://www.hometownnews.com/paper/show/7E1D59AD96CB7B55
District of Columbia ,Dover Times,http://www.hometownnews.com/paper/show/A86DA25BC23409D1
District of Columbia ,El Dorado News-Times,http://www.hometownnews.com/paper/show/3A131E5AD8F7B65D
District of Columbia ,Eureka Springs Lovely County Citizen,http://www.hometownnews.com/paper/show/865ED1C156B8053D
District of Columbia ,Eureka Springs Times-Echo,http://www.hometownnews.com/paper/show/9327FFCA733EC11A
District of Columbia ,Fairfield Bay News,http://www.hometownnews.com/paper/show/97BA5FFE03EE6FF7
District of Columbia ,Fayetteville Northwest Arkansas Times,http://www.hometownnews.com/paper/show/594BAA8B35951402
District of Columbia ,Forest City Times-Herald,http://www.hometownnews.com/paper/show/D998C6BB515DF951
District of Columbia ,Ft. Smith Southwest-Times Record,http://www.hometownnews.com/paper/show/191B56A5F7310EFE
District of Columbia ,Glenwood Herald,http://www.hometownnews.com/paper/show/F80C72C51A57ECFB
District of Columbia ,Greenwood Democrat,http://www.hometownnews.com/paper/show/27BBE7D951879D19
District of Columbia ,Gurdon Times,http://www.hometownnews.com/paper/show/AC70DDA5BDAF0487
District of Columbia ,Hamburg Ashley County Ledger,http://www.hometownnews.com/paper/show/B61E9729BC5F7E67
District of Columbia ,Hampton South Arkansas Sun,http://www.hometownnews.com/paper/show/2F22E112D9E27E9B
District of Columbia ,Harrison Daily Times,http://www.hometownnews.com/paper/show/9B349375B2902042
District of Columbia ,Hazen Grand Prairie Herald,http://www.hometownnews.com/paper/show/3DE761794981D991
District of Columbia ,Heber Springs Sun-Times,http://www.hometownnews.com/paper/show/417AE2990AC80DEB
District of Columbia ,Helena Daily World,http://www.hometownnews.com/paper/show/1DB0364F37BBE401
District of Columbia ,Hope Star,http://www.hometownnews.com/paper/show/ED9D7D7CCA208F9E
District of Columbia ,Hot Springs Sentinel-Record,http://www.hometownnews.com/paper/show/400C86EB6A781045
District of Columbia ,Hot Springs Village Voice,http://www.hometownnews.com/paper/show/E9FC5ED64387BD05
District of Columbia ,Huntsville - Madison County Record,http://www.hometownnews.com/paper/show/B380D03C8651EAE0
District of Columbia ,Jacksonville Arkansas Leader,http://www.hometownnews.com/paper/show/5F2B942E2F1194DE
District of Columbia ,Jacksonville Patriot,http://www.hometownnews.com/paper/show/E83FD788E41722DF
District of Columbia ,Jonesboro Sun,http://www.hometownnews.com/paper/show/DC440BD3C7D800C8
District of Columbia ,Lonoke Democrat,http://www.hometownnews.com/paper/show/B289ED383B0CE9D5
District of Columbia ,Magnolia Banner News,http://www.hometownnews.com/paper/show/3B0C9809D81080EC
District of Columbia ,Malvern Daily Record,http://www.hometownnews.com/paper/show/721D1C0FD85A4C9B
District of Columbia ,Manila Town Crier,http://www.hometownnews.com/paper/show/10EF312E38CCBF01
District of Columbia ,Marion Salute,http://www.hometownnews.com/paper/show/5E4D6C2047D77B24
District of Columbia ,Marked Tree Tri-City Tribune,http://www.hometownnews.com/paper/show/8663B8C8A6FB2A6F
District of Columbia ,Maumelle Monitor,http://www.hometownnews.com/paper/show/B7595DBBE78563EF
District of Columbia ,Mena Star,http://www.hometownnews.com/paper/show/F466C35D6BE79489
District of Columbia ,Monticello News,http://www.hometownnews.com/paper/show/28B92735FF668D3F
District of Columbia ,Morrilton Headlight News,http://www.hometownnews.com/paper/show/F9D804DE448771B0
District of Columbia ,Mount Ida Montgomery County News,http://www.hometownnews.com/paper/show/91BBD188740BC329
District of Columbia ,Mt. Home Baxter Bulletin,http://www.hometownnews.com/paper/show/E32E219C58875E1D
District of Columbia ,Murfreesboro Diamond,http://www.hometownnews.com/paper/show/1DA53F8FE34CD09F
District of Columbia ,Nashville Leader,http://www.hometownnews.com/paper/show/FE3443068CDB5FF3
District of Columbia ,Nevada County Picayune,http://www.hometownnews.com/paper/show/3BDB2DC3B36FF949
District of Columbia ,Newport Daily Independent,http://www.hometownnews.com/paper/show/3CEF0DFBA0A95CB4
District of Columbia ,Newton County Times,http://www.hometownnews.com/paper/show/402EF304ED36CEA8
District of Columbia ,North Little Rock Times,http://www.hometownnews.com/paper/show/F33DB244F5B5DACF
District of Columbia ,Northwest Arkansas Morning News (Fayetteville),http://www.hometownnews.com/paper/show/20210AA592FBA13D
District of Columbia ,Northwest Arkansas Times (Fayetteville),http://www.hometownnews.com/paper/show/7E1D26BE068C5126
District of Columbia ,Ozark Spectator,http://www.hometownnews.com/paper/show/1737A4106C2DE2FE
District of Columbia ,Ozark Spectator,http://www.hometownnews.com/paper/show/F232D6686AED7C5A
District of Columbia ,Paragould Daily Press,http://www.hometownnews.com/paper/show/EA72342BA6F9906A
District of Columbia ,Paris Express,http://www.hometownnews.com/paper/show/02354B0BF33266FE
District of Columbia ,Piggott Times,http://www.hometownnews.com/paper/show/7003BF8E9DD11666
District of Columbia ,Pine Bluff Commercial,http://www.hometownnews.com/paper/show/F5B63EA717B324DF
District of Columbia ,Rector Clay County Democrat,http://www.hometownnews.com/paper/show/2535CB100B6332DE
District of Columbia ,Russellville Courier,http://www.hometownnews.com/paper/show/192208AE9BD6C071
District of Columbia ,Salem News,http://www.hometownnews.com/paper/show/5D33B459AC7C33A3
District of Columbia ,Saline County Voice,http://www.hometownnews.com/paper/show/66D8D96580F5F49C
District of Columbia ,Searcy Daily Citizen,http://www.hometownnews.com/paper/show/751C274107DE0C95
District of Columbia ,Sheridan Headlight,http://www.hometownnews.com/paper/show/F9CD02C0A92EDC00
District of Columbia ,Siloam Springs Herald Leader,http://www.hometownnews.com/paper/show/995820DE6C5D3D03
District of Columbia ,Springdale-Rogers Morning News,http://www.hometownnews.com/paper/show/A9686CC141487C23
District of Columbia ,Stamps Lafayette County Press,http://www.hometownnews.com/paper/show/E54712553C25EFCD
District of Columbia ,Stuttgart Daily Leader,http://www.hometownnews.com/paper/show/452DDFEB6D179FA7
District of Columbia ,Texarkana Gazette,http://www.hometownnews.com/paper/show/D92E9D050B167730
District of Columbia ,Trumann Democrat,http://www.hometownnews.com/paper/show/393E5FDE030FA4C0
District of Columbia ,Van Buren Press Argus-Courier,http://www.hometownnews.com/paper/show/3E5C22083BC78F3B
District of Columbia ,Waldron News,http://www.hometownnews.com/paper/show/8B96B34FBD998BCD
District of Columbia ,Walnut Ridge Times Dispatch,http://www.hometownnews.com/paper/show/902F3928C89681E7
District of Columbia ,West Memphis Evening Times,http://www.hometownnews.com/paper/show/41F9F74676AB02FE
District of Columbia ,Acton Vanguard News,http://www.hometownnews.com/paper/show/12E29185859DD796
District of Columbia ,Alameda Times-Star,http://www.hometownnews.com/paper/show/BF8376365105BAE1
District of Columbia ,Alturas Modoc County Record,http://www.hometownnews.com/paper/show/F06091EB328FB00A
District of Columbia ,Antelope Valley Press,http://www.hometownnews.com/paper/show/7BC953801B21411D
District of Columbia ,Arcata Eye,http://www.hometownnews.com/paper/show/D3BFFE5A361E5983
District of Columbia ,Arroyo Grande Times Press Recorder,http://www.hometownnews.com/paper/show/D18B7722A7E549AF
District of Columbia ,Auburn Journal,http://www.hometownnews.com/paper/show/0B696A1578F0A23F
District of Columbia ,Bakersfield Californian,http://www.hometownnews.com/paper/show/C7286CE91F8F196B
District of Columbia ,Barstow Desert Dispatch,http://www.hometownnews.com/paper/show/DC19D753FB9EDD13
District of Columbia ,Benicia News,http://www.hometownnews.com/paper/show/CF9D423FCD89D248
District of Columbia ,Berkeley East Bay Express,http://www.hometownnews.com/paper/show/AA3D09089B3E8B91
District of Columbia ,Beverly Hills Weekly,http://www.hometownnews.com/paper/show/998F66844322FB51
District of Columbia ,Big Bear Lake Grizzly,http://www.hometownnews.com/paper/show/33ED72F96B611403
District of Columbia ,Bishop Inyo Register,http://www.hometownnews.com/paper/show/8ACFE7A67B765EBF
District of Columbia ,Blythe Desert Independent,http://www.hometownnews.com/paper/show/3A82E9584B22173D
District of Columbia ,Burbank Leader,http://www.hometownnews.com/paper/show/986122AA6B132025
District of Columbia ,Calaveras Enterprise,http://www.hometownnews.com/paper/show/9E39192E4DC25BD6
District of Columbia ,Carmel Pine Cone,http://www.hometownnews.com/paper/show/41B4A018104AB661
District of Columbia ,Carmichael Times,http://www.hometownnews.com/paper/show/A517D054B4C5A84F
District of Columbia ,Carpenteria Coastal View News,http://www.hometownnews.com/paper/show/74993EA9139756A1
District of Columbia ,Catalina Islander,http://www.hometownnews.com/paper/show/7077F761280DB96D
District of Columbia ,Chester Progressive,http://www.hometownnews.com/paper/show/8AE45AB69A19BA9F
District of Columbia ,Chico Enterprise-Record,http://www.hometownnews.com/paper/show/85DB6CD83E54C7D9
District of Columbia ,Chico Examiner,http://www.hometownnews.com/paper/show/9D103C7633218909
District of Columbia ,Chico News & Review,http://www.hometownnews.com/paper/show/D2DBB7B178A65E6F
District of Columbia ,Clayton Pioneer,http://www.hometownnews.com/paper/show/8E86C30A82D84400
District of Columbia ,Clear Lake Observer American,http://www.hometownnews.com/paper/show/BC774D2EBBC5B66F
District of Columbia ,Clipper Mills Rabbit Creek Journal,http://www.hometownnews.com/paper/show/054537083C77F649
District of Columbia ,Concord Pioneer,http://www.hometownnews.com/paper/show/965665FC98EB0202
District of Columbia ,Contra Costa Times,http://www.hometownnews.com/paper/show/4A34D92A650C9747
District of Columbia ,Coronado Eagle,http://www.hometownnews.com/paper/show/C0CD9790A5440F78
District of Columbia ,Costa Mesa Daily Pilot,http://www.hometownnews.com/paper/show/723C800B2B9A9C0E
District of Columbia ,Costa Mesa Orange County Weekly,http://www.hometownnews.com/paper/show/704582315715C94B
District of Columbia ,Crescent City Daily Triplicate,http://www.hometownnews.com/paper/show/CE9FDBCC76EA7B11
District of Columbia ,Crestline Courier-News,http://www.hometownnews.com/paper/show/A6ABC33B4E6565BD
District of Columbia ,Culver City News,http://www.hometownnews.com/paper/show/1320EF2CFA186365
District of Columbia ,Cupertino Courier,http://www.hometownnews.com/paper/show/C5190BB5E293B33C
District of Columbia ,Davis Enterprise,http://www.hometownnews.com/paper/show/604775E29C63ABF1
District of Columbia ,Dixon Independent Voice,http://www.hometownnews.com/paper/show/008F9CA586C0B8B9
District of Columbia ,Downey Eagle,http://www.hometownnews.com/paper/show/B862BCC9DC49C176
District of Columbia ,El Centro Imperial Valley Press Online,http://www.hometownnews.com/paper/show/029454F256292052
District of Columbia ,Elk Grove Citizen,http://www.hometownnews.com/paper/show/D818CC48199D68E4
District of Columbia ,Escondido North County Times,http://www.hometownnews.com/paper/show/6AC443B4BD73FAD2
District of Columbia ,Eureka Reporter,http://www.hometownnews.com/paper/show/0772E8691C46931F
District of Columbia ,Eureka Times Standard,http://www.hometownnews.com/paper/show/1DC81A094C51FD63
District of Columbia ,Fairfield Daily Republic,http://www.hometownnews.com/paper/show/2AA7DD8DE04B3460
District of Columbia ,Fall River Mills Mountain Echo,http://www.hometownnews.com/paper/show/4A1CDF90ABD72E10
District of Columbia ,Fallbrook Village News,http://www.hometownnews.com/paper/show/0E195655637A126D
District of Columbia ,Folsom Telegraph,http://www.hometownnews.com/paper/show/6AC8A7874712C6EF
District of Columbia ,Fontana Herald News,http://www.hometownnews.com/paper/show/92781A40E1798D66
District of Columbia ,Fort Bragg Advocate News,http://www.hometownnews.com/paper/show/1AD0F339C53BFDC8
District of Columbia ,Frazier Park Mountain Enterprise,http://www.hometownnews.com/paper/show/5C8541D33426A9B1
District of Columbia ,Fremont Argus,http://www.hometownnews.com/paper/show/FC074F5A4DB78DC4
District of Columbia ,Fresno Bee,http://www.hometownnews.com/paper/show/3599F71D8BABFC17
District of Columbia ,Galt Herald,http://www.hometownnews.com/paper/show/4E1A485544D06E7B
District of Columbia ,Gilroy Dispatch,http://www.hometownnews.com/paper/show/89C4636942ACB99F
District of Columbia ,Glendale News-Press,http://www.hometownnews.com/paper/show/ED9CB5DFB429875A
District of Columbia ,Grass Valley Union,http://www.hometownnews.com/paper/show/A3A900332CF2D14F
District of Columbia ,Half Moon Bay Review,http://www.hometownnews.com/paper/show/A97B6D6978461FEF
District of Columbia ,Hanford Sentinel,http://www.hometownnews.com/paper/show/7326EF07D9D49B45
District of Columbia ,Hayward Daily Review,http://www.hometownnews.com/paper/show/F1B6CF9818EFD431
District of Columbia ,Hemet Valley Chronicle,http://www.hometownnews.com/paper/show/7A8D75BBBD43CDD6
District of Columbia ,Hermosa Beach Reporter,http://www.hometownnews.com/paper/show/0F73F5617B6466EA
District of Columbia ,Hollister Free Lance,http://www.hometownnews.com/paper/show/D38F8E74BB10F9C3
District of Columbia ,Hollister Pinnacle News,http://www.hometownnews.com/paper/show/004515A6CAFBBFFA
District of Columbia ,Huntington Beach Independent,http://www.hometownnews.com/paper/show/5B9728AF28B09D46
District of Columbia ,Huntington Beach News,http://www.hometownnews.com/paper/show/677F710D11B918D6
District of Columbia ,Idyllwild Town Crier,http://www.hometownnews.com/paper/show/FBC0C6E451C0B71C
District of Columbia ,Indian Valley Record,http://www.hometownnews.com/paper/show/4B9E3F9D3DA5CE8A
District of Columbia ,Inland Valley Daily Bulletin,http://www.hometownnews.com/paper/show/4CC97D3D60A5CC1A
District of Columbia ,Irvine World News,http://www.hometownnews.com/paper/show/9112E5C31C91266D
District of Columbia ,Kings City Rustler,http://www.hometownnews.com/paper/show/86BAFB6ADC7027AB
District of Columbia ,Kingsburg Recorder,http://www.hometownnews.com/paper/show/4C19CEB765E16DA4
District of Columbia ,L.A. Weekly,http://www.hometownnews.com/paper/show/8B9C6E29097197C1
District of Columbia ,La Canada Valley Sun,http://www.hometownnews.com/paper/show/7F5164509052F89D
District of Columbia ,La Opinion,http://www.hometownnews.com/paper/show/451CDB873F32FC65
District of Columbia ,La Prensa-San Diego,http://www.hometownnews.com/paper/show/9D4E87925BF59E3B
District of Columbia ,Lake Arrowhead Mountain News,http://www.hometownnews.com/paper/show/66A9851884748C75
District of Columbia ,Lake County Record-Bee,http://www.hometownnews.com/paper/show/8BDBC49B71548D4D
District of Columbia ,Lake Isabella Kern County Sun,http://www.hometownnews.com/paper/show/162413869C91E898
District of Columbia ,Livermore Independent,http://www.hometownnews.com/paper/show/48BCA1B495086326
District of Columbia ,Lodi News-Sentinel,http://www.hometownnews.com/paper/show/6490FD586AD974A5
District of Columbia ,Lompoc Record,http://www.hometownnews.com/paper/show/313115CA42BC65A5
District of Columbia ,Long Beach Gazettes,http://www.hometownnews.com/paper/show/1AF91A5AD88A2A10
District of Columbia ,Long Beach Press Telegram,http://www.hometownnews.com/paper/show/349180B94AA904B8
District of Columbia ,Los Altos Town Crier,http://www.hometownnews.com/paper/show/E055A118D8536818
District of Columbia ,Los Angeles Daily News,http://www.hometownnews.com/paper/show/A8AF10AC424A2040
District of Columbia ,Los Angeles Downtown News,http://www.hometownnews.com/paper/show/17E39F6100CE1229
District of Columbia ,Los Angeles Independent,http://www.hometownnews.com/paper/show/8F2515564AECADEE
District of Columbia ,Los Angeles Jewish Observer,http://www.hometownnews.com/paper/show/2C418801452AA467
District of Columbia ,Los Angeles Times,http://www.hometownnews.com/paper/show/1728344C776941F9
District of Columbia ,Los Banos Enterprise,http://www.hometownnews.com/paper/show/42C40D4F9A04BDCF
District of Columbia ,Los Gatos Daily News,http://www.hometownnews.com/paper/show/6955B94457B1F3C9
District of Columbia ,Los Gatos Weekly-Times,http://www.hometownnews.com/paper/show/0736ECA11F35FDD7
District of Columbia ,Madera Tribune,http://www.hometownnews.com/paper/show/05B0E4B1F3DE4F9A
District of Columbia ,Malibu Times,http://www.hometownnews.com/paper/show/7FCD97C03195A483
District of Columbia ,Mammoth Times,http://www.hometownnews.com/paper/show/EF9B7BB235402DBD
District of Columbia ,Manhattan Beach Reporter,http://www.hometownnews.com/paper/show/29AF1729AA69CAF7
District of Columbia ,Manteca Bulletin,http://www.hometownnews.com/paper/show/04D86168AA7F8558
District of Columbia ,Marin Independent Journal,http://www.hometownnews.com/paper/show/1865010AF26ADC0D
District of Columbia ,Marina del Rey Argonaut,http://www.hometownnews.com/paper/show/8630CA0B18901FB9
District of Columbia ,Mariposa Weekly Gazette,http://www.hometownnews.com/paper/show/4A4D4F4190D01422
District of Columbia ,Marysville Appeal Democrat,http://www.hometownnews.com/paper/show/AD51BB6673FCAC10
District of Columbia ,Mendocino Beacon,http://www.hometownnews.com/paper/show/954BEEA7505B6B15
District of Columbia ,Menlo Park Almanac,http://www.hometownnews.com/paper/show/D8CF6E7EB0AB4A51
District of Columbia ,Merced Sun-Star,http://www.hometownnews.com/paper/show/2F6D9E944E55EBDB
District of Columbia ,Mercury News,http://www.hometownnews.com/paper/show/5B0E31CB249CC32A
District of Columbia ,Milpitas Post,http://www.hometownnews.com/paper/show/5C0A5924D70DE8D1
District of Columbia ,Modesto Bee,http://www.hometownnews.com/paper/show/3C572BEBC4468098
District of Columbia ,Modoc County Record,http://www.hometownnews.com/paper/show/8FD1A7FE89F2E85F
District of Columbia ,Mojave Desert News,http://www.hometownnews.com/paper/show/F9D2547186D85037
District of Columbia ,Monterey County Herald,http://www.hometownnews.com/paper/show/36B2B67ACB8AEAA1
District of Columbia ,Morgan Hill Times,http://www.hometownnews.com/paper/show/89E78826FC0130DC
District of Columbia ,Mt. Shasta News,http://www.hometownnews.com/paper/show/67F742AA11CFF514
District of Columbia ,Napa Valley Register,http://www.hometownnews.com/paper/show/754306979E1BFC33
District of Columbia ,Nevada City Union,http://www.hometownnews.com/paper/show/5563704DAB411F2F
District of Columbia ,Newport Beach OC Business Journal,http://www.hometownnews.com/paper/show/B5AAB813E14CE754
District of Columbia ,North Lake Tahoe Bonanza,http://www.hometownnews.com/paper/show/ACEFDD7CF0D2B133
District of Columbia ,Novato Advance,http://www.hometownnews.com/paper/show/F7194DDA99CDA070
District of Columbia ,Oakhurst Sierra Star,http://www.hometownnews.com/paper/show/19F17D62C397731E
District of Columbia ,Oakland East Bay Express,http://www.hometownnews.com/paper/show/E0D0A07F965F04AE
District of Columbia ,Oakland Tribune,http://www.hometownnews.com/paper/show/63C3958015DFCBD9
District of Columbia ,Oceanside North County Times,http://www.hometownnews.com/paper/show/6F2C1C4EFA29EC80
District of Columbia ,Ojai Valley News,http://www.hometownnews.com/paper/show/386C6366B37F71F3
District of Columbia ,Ontario Daily Bulletin,http://www.hometownnews.com/paper/show/D86A7C2E4FBFBFD8
District of Columbia ,Orange County Register,http://www.hometownnews.com/paper/show/603CA12C7FDD83AE
District of Columbia ,Oroville Mercury-Record,http://www.hometownnews.com/paper/show/9A43A44B161A494A
District of Columbia ,Pacific Palisades Palisadian-Post,http://www.hometownnews.com/paper/show/1284D0E703DE0E59
District of Columbia ,Pacifica Tribune,http://www.hometownnews.com/paper/show/1381AE8F86C67836
District of Columbia ,Palm Springs Desert Sun,http://www.hometownnews.com/paper/show/CE30DE636DD2DE64
District of Columbia ,Palo Alto Online,http://www.hometownnews.com/paper/show/8AA3925A87B508E0
District of Columbia ,Palos Verdes Peninsula News,http://www.hometownnews.com/paper/show/9D2B16EA95DBBF48
District of Columbia ,Paradise Post,http://www.hometownnews.com/paper/show/E69AE9E62EBFA302
District of Columbia ,Pasadena Star-News,http://www.hometownnews.com/paper/show/101BFF38843F3147
District of Columbia ,Penasquitos Corridor	News,http://www.hometownnews.com/paper/show/30B42DEB0B77AF19
District of Columbia ,Petaluma Argus-Courier,http://www.hometownnews.com/paper/show/B9723C218996C088
District of Columbia ,Placerville Mountain Democrat,http://www.hometownnews.com/paper/show/9AF3D17BBC6AA40D
District of Columbia ,Pleasanton Tri-Valley Herald,http://www.hometownnews.com/paper/show/FE7605AE84862CBB
District of Columbia ,Point Reyes Light,http://www.hometownnews.com/paper/show/1B6E4CCB243766A7
District of Columbia ,Porterville Recorder,http://www.hometownnews.com/paper/show/7287BA593A0C50E9
District of Columbia ,Portola Reporter,http://www.hometownnews.com/paper/show/1FB923E39CF8042B
District of Columbia ,Poway Corridor News,http://www.hometownnews.com/paper/show/950CEA2C5187DEF4
District of Columbia ,Poway News-Chieftain,http://www.hometownnews.com/paper/show/F675A6A069470F42
District of Columbia ,Quincy Feather River Bulletin,http://www.hometownnews.com/paper/show/7856CAB216EC2AF8
District of Columbia ,Ramona Sentinel,http://www.hometownnews.com/paper/show/55B7ABF658CB80CC
District of Columbia ,Rancho Bernado News Journal,http://www.hometownnews.com/paper/show/5530D4D5B41121E1
District of Columbia ,Rancho Cucamonga Business Journal,http://www.hometownnews.com/paper/show/50EF54DE572CF2BE
District of Columbia ,Red Bluff Daily News,http://www.hometownnews.com/paper/show/685C7A9FFB5C2136
District of Columbia ,Redding Record Searchlight,http://www.hometownnews.com/paper/show/F9A9A654B74EF192
District of Columbia ,Redlands Daily Facts,http://www.hometownnews.com/paper/show/612B3492A999325F
District of Columbia ,Redondo Beach Reporter,http://www.hometownnews.com/paper/show/B0072D3F24779E74
District of Columbia ,Ridgecrest Daily Independent,http://www.hometownnews.com/paper/show/CAFAA904F9CB5CA1
District of Columbia ,Riverside Press-Enterprise,http://www.hometownnews.com/paper/show/DB27D0FB5AF94EC3
District of Columbia ,Rohnert Park Community Voice,http://www.hometownnews.com/paper/show/88010BA407EF19AC
District of Columbia ,Roseville Press-Tribune,http://www.hometownnews.com/paper/show/39A1B9142D373591
District of Columbia ,Running Springs Alpenhorn News,http://www.hometownnews.com/paper/show/E021074A97889515
District of Columbia ,Sacramento Bee,http://www.hometownnews.com/paper/show/75F98FE6B5D13E26
District of Columbia ,Saint Helen Star,http://www.hometownnews.com/paper/show/0FCDEE7A72F94F7B
District of Columbia ,Salinas - The Californian,http://www.hometownnews.com/paper/show/454B28CCB9CE2452
District of Columbia ,San Bernardino County Sun,http://www.hometownnews.com/paper/show/EDE6A0DDCD21BF95
District of Columbia ,San Diego Coast News,http://www.hometownnews.com/paper/show/D78F81B94FFAA2B5
District of Columbia ,San Diego Community Newspaper Group,http://www.hometownnews.com/paper/show/F20ACC7CC11A953F
District of Columbia ,San Diego Daily Transcript,http://www.hometownnews.com/paper/show/11ECFA92B691CADE
District of Columbia ,San Diego Headline News,http://www.hometownnews.com/paper/show/80063E87C8D4D0A5
District of Columbia ,San Diego Union-Tribune,http://www.hometownnews.com/paper/show/CE47F9FF06067CE0
District of Columbia ,San Francisco Bay Guardian,http://www.hometownnews.com/paper/show/A620E92B2FB16E68
District of Columbia ,San Francisco Business Times,http://www.hometownnews.com/paper/show/2C26EAB5DF8D8214
District of Columbia ,San Francisco Chronicle,http://www.hometownnews.com/paper/show/7D31E75D8C79887D
District of Columbia ,San Francisco El Observador,http://www.hometownnews.com/paper/show/47B4F07472FB9CA7
District of Columbia ,San Francisco Examiner,http://www.hometownnews.com/paper/show/FA9D02BECCAF4A6C
District of Columbia ,San Francisco Weekly,http://www.hometownnews.com/paper/show/11281BD71902170A
District of Columbia ,San Gabriel Valley Tribune,http://www.hometownnews.com/paper/show/E9EF89F848D18733
District of Columbia ,San Jose - Willow Glen Resident,http://www.hometownnews.com/paper/show/5C1EC8EA1CBC5D44
District of Columbia ,San Jose Business Journal,http://www.hometownnews.com/paper/show/8E331878D010462E
District of Columbia ,San Jose Mercury News,http://www.hometownnews.com/paper/show/215620BA916374E2
District of Columbia ,San Jose Metro,http://www.hometownnews.com/paper/show/B8409BF07CCEB202
District of Columbia ,San Luis Obispo New Times Weekly,http://www.hometownnews.com/paper/show/3606AC6EC7830164
District of Columbia ,San Luis Obispo Telegram-Tribune,http://www.hometownnews.com/paper/show/C34DC07EFF9BCE43
District of Columbia ,San Mateo County Times,http://www.hometownnews.com/paper/show/E9B3683B187A767D
District of Columbia ,San Mateo Daily Journal,http://www.hometownnews.com/paper/show/F25036ECE6DC9B35
District of Columbia ,Santa Barbara Independent,http://www.hometownnews.com/paper/show/2F1A116E93A70F18
District of Columbia ,Santa Barbara News-Press,http://www.hometownnews.com/paper/show/DE82F040736BD626
District of Columbia ,Santa Barbara South Coast Beacon,http://www.hometownnews.com/paper/show/CF7382F42D812E47
District of Columbia ,Santa Clarita Valley Signal,http://www.hometownnews.com/paper/show/DBD5AD9A962DFD31
District of Columbia ,Santa Cruz Good Times,http://www.hometownnews.com/paper/show/550E70F0D27DF468
District of Columbia ,Santa Cruz Metro,http://www.hometownnews.com/paper/show/32CBE836E0526BDB
District of Columbia ,Santa Cruz Sentinel,http://www.hometownnews.com/paper/show/98D4D7E3239630A1
District of Columbia ,Santa Monica Mirror,http://www.hometownnews.com/paper/show/4BE621DEA27C8765
District of Columbia ,Santa Paula Times,http://www.hometownnews.com/paper/show/F7CCE4922991DF41
District of Columbia ,Santa Rosa Press Democrat,http://www.hometownnews.com/paper/show/01035FDEB73EFA15
District of Columbia ,Saratoga News,http://www.hometownnews.com/paper/show/60D1762E2A7E66C5
District of Columbia ,Seaside Coast Weekly,http://www.hometownnews.com/paper/show/402667F758A51693
District of Columbia ,Sebastopol Sonoma West Times & News,http://www.hometownnews.com/paper/show/4513BD14128F48C7
District of Columbia ,Selma Enterprise,http://www.hometownnews.com/paper/show/6814A359CCAAF140
District of Columbia ,Sonoma Index-Tribune,http://www.hometownnews.com/paper/show/17FC0C175F57935C
District of Columbia ,Sonora Union Democrat,http://www.hometownnews.com/paper/show/4BAFE80753B51D55
District of Columbia ,Stockton Record,http://www.hometownnews.com/paper/show/54AC1029A56A4F60
District of Columbia ,Sunnyvale Sun,http://www.hometownnews.com/paper/show/C3E886F12BC37525
District of Columbia ,Susanville Lassen County Times,http://www.hometownnews.com/paper/show/B1FCEFFC841CEA3A
District of Columbia ,Taft Daily Midway Driller,http://www.hometownnews.com/paper/show/01079718DE6B3C94
District of Columbia ,Tahoe Daily Tribune,http://www.hometownnews.com/paper/show/340C6E26A832FA71
District of Columbia ,Tahoe World,http://www.hometownnews.com/paper/show/94B9967FF490D3C5
District of Columbia ,Tehachapi News,http://www.hometownnews.com/paper/show/60AD37B267BB431C
District of Columbia ,Temecula Valley News,http://www.hometownnews.com/paper/show/B7DCD49DC3C08E7F
District of Columbia ,Tiburon - The Ark,http://www.hometownnews.com/paper/show/32F0706C6B5C30D5
District of Columbia ,Topanga Messenger,http://www.hometownnews.com/paper/show/13B19455DB8AFE87
District of Columbia ,Torrance Daily Breeze,http://www.hometownnews.com/paper/show/3E452B9B8A1BB764
District of Columbia ,Tracy Press,http://www.hometownnews.com/paper/show/81C905D0DCDA86C0
District of Columbia ,Truckee Sierra Sun,http://www.hometownnews.com/paper/show/4FF5FAC4A9022751
District of Columbia ,Tulare Advance-Register,http://www.hometownnews.com/paper/show/FF53CDD614E2FFFE
District of Columbia ,Twentynine Palms Desert Trail,http://www.hometownnews.com/paper/show/A43485CC5C6C5AAB
District of Columbia ,Ukiah Daily Journal,http://www.hometownnews.com/paper/show/EA81CDA7B6FB7D3A
District of Columbia ,Vacaville Reporter,http://www.hometownnews.com/paper/show/2AA90286C9B7283E
District of Columbia ,Vallejo Times-Herald,http://www.hometownnews.com/paper/show/AAE6A2EEF481C7D3
District of Columbia ,VallejoNews.com,http://www.hometownnews.com/paper/show/B94606F2AF86A7B4
District of Columbia ,Valley Center Roadrunner,http://www.hometownnews.com/paper/show/2547C6F35D91AF15
District of Columbia ,Ventura County Star,http://www.hometownnews.com/paper/show/C1F85986E73AF115
District of Columbia ,Victorville Daily Press,http://www.hometownnews.com/paper/show/916721A3A0EB69B0
District of Columbia ,Visalia Times-Delta,http://www.hometownnews.com/paper/show/C028E1EC05FCB437
District of Columbia ,Visalia Valley Voice,http://www.hometownnews.com/paper/show/2D9371FB8358D35C
District of Columbia ,Walnut Creek - North Bay Business Journal,http://www.hometownnews.com/paper/show/9A663F1D85A87206
District of Columbia ,Walnut Creek Contra Costa Times,http://www.hometownnews.com/paper/show/CC663708AFE3DBD6
District of Columbia ,Watsonville Register-Pajaronian,http://www.hometownnews.com/paper/show/BF0ACBE013F1F45C
District of Columbia ,Whittier Daily News,http://www.hometownnews.com/paper/show/79F02C0014859EF3
District of Columbia ,Woodland Daily Democrat,http://www.hometownnews.com/paper/show/9A8C72F9D146EEAB
District of Columbia ,Woodland Hills Daily News,http://www.hometownnews.com/paper/show/20F1B5438DB1072A
District of Columbia ,Yreka Siskiyou Daily News,http://www.hometownnews.com/paper/show/B0E3B8E1C77D1D65
District of Columbia ,Yuba City Appeal-Democrat,http://www.hometownnews.com/paper/show/21A6546FA5265A42
District of Columbia ,Yucca Valley Hi-Desert Star,http://www.hometownnews.com/paper/show/5BB58C2757B6E3EE
District of Columbia ,Alamosa Valley Courier,http://www.hometownnews.com/paper/show/A52239203FF005C7
District of Columbia ,Arvada Sentinel,http://www.hometownnews.com/paper/show/29753DCF1B75B265
District of Columbia ,Aspen Daily News,http://www.hometownnews.com/paper/show/40000BEF26950496
District of Columbia ,Aspen Times,http://www.hometownnews.com/paper/show/2E6EDB52B81CBB60
District of Columbia ,Aurora Sentinel,http://www.hometownnews.com/paper/show/547574B0F18472DD
District of Columbia ,Bayfield Pine River Times,http://www.hometownnews.com/paper/show/E4D09772EBA03166
District of Columbia ,Boulder County Business Report,http://www.hometownnews.com/paper/show/08848A2657329CC7
District of Columbia ,Boulder Daily Camera,http://www.hometownnews.com/paper/show/8B9DBF7D91562D74
District of Columbia ,Boulder Weekly,http://www.hometownnews.com/paper/show/66CBD90A5D6FC0A0
District of Columbia ,Breckenridge - Summit Daily News,http://www.hometownnews.com/paper/show/57D69E6D2716D306
District of Columbia ,Brighton Standard Blade,http://www.hometownnews.com/paper/show/AFF48A9B83F0AEAA
District of Columbia ,Brush News-Tribune,http://www.hometownnews.com/paper/show/AD257E42E9B3B4FB
District of Columbia ,Buena Vista Chaffee County Times,http://www.hometownnews.com/paper/show/30CCC7D9EBEB6DB0
District of Columbia ,Canon Daily Record,http://www.hometownnews.com/paper/show/6F17DD09A5442B91
District of Columbia ,Canyon Courier,http://www.hometownnews.com/paper/show/267D314007194CBB
District of Columbia ,Carbon Valley Farmer & Miner,http://www.hometownnews.com/paper/show/D6324F9CC1CA6EEA
District of Columbia ,Carbondale Valley Journal,http://www.hometownnews.com/paper/show/11D7E02BAABF58B4
District of Columbia ,Castle Rock Douglas County News Press,http://www.hometownnews.com/paper/show/088040B65AEB05DB
District of Columbia ,Colorado Daily,http://www.hometownnews.com/paper/show/1255D1A1204FCB49
District of Columbia ,Colorado Springs Business Journal,http://www.hometownnews.com/paper/show/695A2FDADDE35BA9
District of Columbia ,Colorado Springs Gazette,http://www.hometownnews.com/paper/show/6AD4717F4BCF0D04
District of Columbia ,Colorado Springs Hispania News,http://www.hometownnews.com/paper/show/AE51535281BB7191
District of Columbia ,Colorado Springs Independent,http://www.hometownnews.com/paper/show/1AD501FBA47D7659
District of Columbia ,Commerce City Sentinel Express,http://www.hometownnews.com/paper/show/F9ED4102BC0C440D
District of Columbia ,Copper - Summit Daily News,http://www.hometownnews.com/paper/show/412CB02343F8A9AB
District of Columbia ,Cortez Journal,http://www.hometownnews.com/paper/show/D0A921E8DD34455F
District of Columbia ,Craig Daily Press,http://www.hometownnews.com/paper/show/ADC89E76CD407FDD
District of Columbia ,Crested Butte News,http://www.hometownnews.com/paper/show/ED68AFE917F43A58
District of Columbia ,Delta County Independent,http://www.hometownnews.com/paper/show/20529100723423A3
District of Columbia ,Denver Business Journal,http://www.hometownnews.com/paper/show/05AD9ED59B18C64A
District of Columbia ,Denver Post Online,http://www.hometownnews.com/paper/show/41D97D362BD078FE
District of Columbia ,Denver Rocky Mountain News,http://www.hometownnews.com/paper/show/C33B8577EAD98797
District of Columbia ,Denver Westword,http://www.hometownnews.com/paper/show/C316AA7000B813FC
District of Columbia ,Douglas County News-Press,http://www.hometownnews.com/paper/show/0EFDC9E0609551A0
District of Columbia ,Durango Herald,http://www.hometownnews.com/paper/show/E9298D2DA3A3B308
District of Columbia ,Estes Park Trail Gazette,http://www.hometownnews.com/paper/show/5195489C20161DCB
District of Columbia ,Evergreen Canyon Courier,http://www.hometownnews.com/paper/show/23588282F4B5E3C0
District of Columbia ,Fairplay Flume,http://www.hometownnews.com/paper/show/682FC7F6F4D8381A
District of Columbia ,Fort Collins Coloradoan,http://www.hometownnews.com/paper/show/D115265C5A01908D
District of Columbia ,Fort Collins Northern CO Business Report,http://www.hometownnews.com/paper/show/0C1220738B8554A1
District of Columbia ,Fort Collins Weekly,http://www.hometownnews.com/paper/show/F0564E5D99E1043A
District of Columbia ,Fort Lupton Press,http://www.hometownnews.com/paper/show/772F5EDEB0B908D5
District of Columbia ,Fort Morgan Times,http://www.hometownnews.com/paper/show/26A1FD14B3B4D8B1
District of Columbia ,Frisco - Summit Daily News,http://www.hometownnews.com/paper/show/09B8A5D80B86DF8B
District of Columbia ,Amity Observer,http://www.hometownnews.com/paper/show/021F91C031861062
District of Columbia ,Berlin Citizen,http://www.hometownnews.com/paper/show/AD2CF72318F434A5
District of Columbia ,Bethany Bulletin,http://www.hometownnews.com/paper/show/B83B220F1BADAD8D
District of Columbia ,Bethel Beacon,http://www.hometownnews.com/paper/show/8B224F2F00CBC97C
District of Columbia ,Bloomfield Journal,http://www.hometownnews.com/paper/show/02C61237D3EAADB3
District of Columbia ,Branford Review,http://www.hometownnews.com/paper/show/77736593D73105C8
District of Columbia ,Branford Sound,http://www.hometownnews.com/paper/show/D93D7ADC59C550E3
District of Columbia ,Bridgeport Connecticut Post,http://www.hometownnews.com/paper/show/5553D81D98AB9DDE
District of Columbia ,Bridgeport News,http://www.hometownnews.com/paper/show/90B51E1E2AA2D96C
District of Columbia ,Bristol Press,http://www.hometownnews.com/paper/show/2398E513016F8E68
District of Columbia ,Brookfield Journal,http://www.hometownnews.com/paper/show/E82631D0ADB24BDC
District of Columbia ,Clinton Recorder,http://www.hometownnews.com/paper/show/5AC088BC562DCBB6
District of Columbia ,Danbury El Canillita,http://www.hometownnews.com/paper/show/CCC08745A8EF2265
District of Columbia ,Danbury News-Times,http://www.hometownnews.com/paper/show/0AE71DF8D7F6970F
District of Columbia ,Darien News-Review,http://www.hometownnews.com/paper/show/7667A0E129C15C7B
District of Columbia ,East Hartford Gazette,http://www.hometownnews.com/paper/show/7C1481B215E59FC6
District of Columbia ,East Haven Advertiser,http://www.hometownnews.com/paper/show/6CA5C41AB517A9A2
District of Columbia ,Easton Courier,http://www.hometownnews.com/paper/show/6A0FB287C390EBDB
District of Columbia ,Fairfield Citizen-News,http://www.hometownnews.com/paper/show/A365C6BD7626FD27
District of Columbia ,Fairfield County Weekly,http://www.hometownnews.com/paper/show/32BA78A4BF5E19B6
District of Columbia ,Farmington Valley News,http://www.hometownnews.com/paper/show/C68FFC881BECB425
District of Columbia ,Greenwich Time,http://www.hometownnews.com/paper/show/C8DA08260672BD08
District of Columbia ,Guilford Courier,http://www.hometownnews.com/paper/show/C989179988641B1E
District of Columbia ,Hamden Chronicle,http://www.hometownnews.com/paper/show/672EB71F6FA3DDD6
District of Columbia ,Hartford Advocate,http://www.hometownnews.com/paper/show/15A29878C1B03BA1
District of Columbia ,Hartford Bristol Press,http://www.hometownnews.com/paper/show/003A0D925CBC3BA6
District of Columbia ,Hartford Business Journal,http://www.hometownnews.com/paper/show/7947CB18B8BFB2A9
District of Columbia ,Hartford Commercial Record,http://www.hometownnews.com/paper/show/774CA776F650551B
District of Columbia ,Hartford Courant,http://www.hometownnews.com/paper/show/60510414AD77ECCE
District of Columbia ,Kent Good Times Dispatch,http://www.hometownnews.com/paper/show/932E7CEC5D9C742F
District of Columbia ,Lewisboro Ledger,http://www.hometownnews.com/paper/show/56DB9FAC48481203
District of Columbia ,Litchfield County Times,http://www.hometownnews.com/paper/show/0ECEFD8F0DA0DB4C
District of Columbia ,Litchfield Enquirer,http://www.hometownnews.com/paper/show/807C02C00B778927
District of Columbia ,Madison Source,http://www.hometownnews.com/paper/show/D7AAF8775610282B
District of Columbia ,Manchester Journal Inquirer,http://www.hometownnews.com/paper/show/8E39C2C44AFAE4EB
District of Columbia ,Meriden Record-Journal,http://www.hometownnews.com/paper/show/19762B49ACABC5E1
District of Columbia ,Middlefield Town Times,http://www.hometownnews.com/paper/show/7624C90A726C09F3
District of Columbia ,Middletown Press,http://www.hometownnews.com/paper/show/FC7CEE1531485850
District of Columbia ,Milford Mirror,http://www.hometownnews.com/paper/show/589FCE3ECB1EFD3E
District of Columbia ,Monroe Courier,http://www.hometownnews.com/paper/show/762012958F66AE0E
District of Columbia ,New Britain Herald,http://www.hometownnews.com/paper/show/74B51107B71B96EF
District of Columbia ,New Haven Advocate,http://www.hometownnews.com/paper/show/7CB704CB68213F95
District of Columbia ,New Haven Business Times,http://www.hometownnews.com/paper/show/26455235396BB534
District of Columbia ,New Haven Register,http://www.hometownnews.com/paper/show/F3013E77CE14E41B
District of Columbia ,New London Day,http://www.hometownnews.com/paper/show/711BCF0551657B7B
District of Columbia ,New Milford Spectrum,http://www.hometownnews.com/paper/show/285482C1FA8599B4
District of Columbia ,New Milford Times,http://www.hometownnews.com/paper/show/D0B284093D73CAE9
District of Columbia ,Newington Town Crier,http://www.hometownnews.com/paper/show/9F1647DB7017CAF9
District of Columbia ,Newtown Bee,http://www.hometownnews.com/paper/show/6AB4DF02C99485DC
District of Columbia ,North Haven Post,http://www.hometownnews.com/paper/show/3E7C6AB1A93EAF85
District of Columbia ,Norwalk Citizen-News,http://www.hometownnews.com/paper/show/D20782BCB9C69C56
District of Columbia ,Norwalk Hour,http://www.hometownnews.com/paper/show/E81B052E16B7896C
District of Columbia ,Norwich Bulletin,http://www.hometownnews.com/paper/show/BEA0FAC979CA44B7
District of Columbia ,Plainville Citizen,http://www.hometownnews.com/paper/show/5E04B178FF067568
District of Columbia ,Redding Pilot,http://www.hometownnews.com/paper/show/6A8773897FEB9E30
District of Columbia ,Regional Standard,http://www.hometownnews.com/paper/show/CE15014E34DB038F
District of Columbia ,Ridgefield Press,http://www.hometownnews.com/paper/show/4005D43AB09B5C0E
District of Columbia ,Rocky Hill Post,http://www.hometownnews.com/paper/show/ACC4E5A7D68024F7
District of Columbia ,Seymour Valley Gazette,http://www.hometownnews.com/paper/show/683806BCBAB36C97
District of Columbia ,Shelton Huntington Herald,http://www.hometownnews.com/paper/show/AF9640140635ADF5
District of Columbia ,Shore Line Times,http://www.hometownnews.com/paper/show/41932C04680ED9FD
District of Columbia ,Stamford Advocate,http://www.hometownnews.com/paper/show/FF494D66B9974720
District of Columbia ,Stamford Fairfield County Weekly,http://www.hometownnews.com/paper/show/3997F59CB5964804
District of Columbia ,Stonington Intelligencer,http://www.hometownnews.com/paper/show/E6032FE988F3DB9D
District of Columbia ,Stratford Bard,http://www.hometownnews.com/paper/show/4CC51E5D6D1EF23C
District of Columbia ,Torrington Register Citizen,http://www.hometownnews.com/paper/show/C8A6508829D266B8
District of Columbia ,Trumbull Times,http://www.hometownnews.com/paper/show/B89F280C0653975E
District of Columbia ,Valley Advocate,http://www.hometownnews.com/paper/show/22523E39CB9EDAE1
District of Columbia ,Wallingford People's Press,http://www.hometownnews.com/paper/show/3AF892B920A82A97
District of Columbia ,Waterbury Republican-American,http://www.hometownnews.com/paper/show/7E6C41F362CDE1EB
District of Columbia ,West Hartford News,http://www.hometownnews.com/paper/show/22723B79A4A5E483
District of Columbia ,West Haven News,http://www.hometownnews.com/paper/show/5737293AF0C72DC8
District of Columbia ,West Haven Voice,http://www.hometownnews.com/paper/show/FABC85B33FB2C5A4
District of Columbia ,Westbrook Harbor News,http://www.hometownnews.com/paper/show/B7F1F3D995BCA99D
District of Columbia ,Weston Forum,http://www.hometownnews.com/paper/show/860E6309B25E6305
District of Columbia ,Westport Minuteman,http://www.hometownnews.com/paper/show/CD0AAA1E7D541D59
District of Columbia ,Westport News,http://www.hometownnews.com/paper/show/52657E1DEE9EE237
District of Columbia ,Wethersfield Post,http://www.hometownnews.com/paper/show/4F2271CAF3CFE02F
District of Columbia ,Willimantic Chronicle,http://www.hometownnews.com/paper/show/5B45580429E65F04
District of Columbia ,Wilton Bulletin,http://www.hometownnews.com/paper/show/E06BFAEFB3504433
District of Columbia ,Windsor Journal,http://www.hometownnews.com/paper/show/1E831D1B0EE2610D
District of Columbia ,Windsor Locks Journal,http://www.hometownnews.com/paper/show/62FA1EF630D8D3A7
District of Columbia ,Wolcott Community News,http://www.hometownnews.com/paper/show/39A092190DBA32DF
District of Columbia ,Bethany Beach Wave,http://www.hometownnews.com/paper/show/AFF20A8E6FA1A320
District of Columbia ,Chincoteague Beacon,http://www.hometownnews.com/paper/show/EBA353ED3D7E27C3
District of Columbia ,Delaware Beachcomber,http://www.hometownnews.com/paper/show/65E2B9067531C88A
District of Columbia ,Delaware Daily Times,http://www.hometownnews.com/paper/show/293BC3BA214C31D0
District of Columbia ,Delaware State News,http://www.hometownnews.com/paper/show/53BA6B1BB8DCA26F
District of Columbia ,Dewey Beach Coast Press,http://www.hometownnews.com/paper/show/DDC506BF09AE1A9A
District of Columbia ,Dover Post,http://www.hometownnews.com/paper/show/5908D9EF795D85BE
District of Columbia ,Eastern Shore News,http://www.hometownnews.com/paper/show/8D069435BB7D0F7C
District of Columbia ,"Independent Newspapers Inc. Harrington, Milford, Seaford",http://www.hometownnews.com/paper/show/372AD407615D4D66
District of Columbia ,Middletown Transcript,http://www.hometownnews.com/paper/show/B84AB560FBD2E0FB
District of Columbia ,New Castle Business Ledger,http://www.hometownnews.com/paper/show/8529C8933D1CCE51
District of Columbia ,Newark Post,http://www.hometownnews.com/paper/show/30DFAF3873E42BB5
District of Columbia ,Ocean City Times Press,http://www.hometownnews.com/paper/show/2049831DC671A547
District of Columbia ,Ocean Pines Independent,http://www.hometownnews.com/paper/show/AF455C3D0E4332B3
District of Columbia ,Rehoboth Beach Cape Gazette,http://www.hometownnews.com/paper/show/D73B619B63CE5151
District of Columbia ,Smyrna-Clayton Sun Times,http://www.hometownnews.com/paper/show/ADBE1566622FEC19
District of Columbia ,Somerset Herald,http://www.hometownnews.com/paper/show/7A8C2D85E51D6D30
District of Columbia ,University of Delaware Daily,http://www.hometownnews.com/paper/show/3F75BD64B89A01AF
District of Columbia ,University of Delaware Review,http://www.hometownnews.com/paper/show/99CE5FC29B5072DB
District of Columbia ,Wilmington News Journal,http://www.hometownnews.com/paper/show/8E286388A71FFF6E
District of Columbia ,Worcester County Messenger,http://www.hometownnews.com/paper/show/A64EF192C9C3EC46
District of Columbia ,Bolling AF Base Aviator,http://www.hometownnews.com/paper/show/0CB811839E72CFD5
District of Columbia ,DC Military Services Newspapers,http://www.hometownnews.com/paper/show/15582D2B64617ED7
District of Columbia ,Fort McNair Pentagram,http://www.hometownnews.com/paper/show/EA9B9A36A9DDBC0C
District of Columbia ,Hill News,http://www.hometownnews.com/paper/show/44C076769146619F
District of Columbia ,Information Times,http://www.hometownnews.com/paper/show/FCD57582469918C8
District of Columbia ,The Common Denominator,http://www.hometownnews.com/paper/show/D4E3BFD8D3F5655B
District of Columbia ,The Journal Online,http://www.hometownnews.com/paper/show/49FA94CD0AFAA839
District of Columbia ,Voice of the Hill,http://www.hometownnews.com/paper/show/FFF450AEBE75A5EF
District of Columbia ,Washington Business Journal,http://www.hometownnews.com/paper/show/D3E877D11FA40490
District of Columbia ,Washington City Paper,http://www.hometownnews.com/paper/show/7D1CE68C79CCDECA
District of Columbia ,Washington Post,http://www.hometownnews.com/paper/show/15F9F8C0EC576BF4
District of Columbia ,Washington Roll Call,http://www.hometownnews.com/paper/show/8194D93D1C5BD16A
District of Columbia ,Washington Technology Online,http://www.hometownnews.com/paper/show/13DF8986162E39F6
District of Columbia ,Washington Times,http://www.hometownnews.com/paper/show/F9847C599E62B1C2
District of Columbia ,Washington Town Hall,http://www.hometownnews.com/paper/show/815CC1FA109D2CC3
