MT,Baker,Fallon County Times,http://www.falloncountyextra.com/
MT,Belgrade,Belgrade News,http://www.belgrade-news.com/
MT,Big Sky,Explore Big Sky,http://www.explorebigsky.com/
MT,Big Timber,Big Timber Pioneer,http://bigtimberpioneer.net/
MT,Bigfork,Bigfork Eagle,http://www.bigforkeagle.com/
MT,Billings,Billings Gazette,http://billingsgazette.com/
MT,Boulder,Boulder Monitor,http://boulder-monitor.com/
MT,Bozeman,Bozeman Daily Chronicle,http://www.bozemandailychronicle.com/
MT,Browning,Glacier Reporter,http://www.cutbankpioneerpress.com/glacier_reporter/
MT,Butte,Montana Standard,http://mtstandard.com/
MT,Cascade,Cascade Courier,http://www.cascademontana.com/courier.htm
MT,Chester,Liberty County Times,http://libertycountytimes.net/
MT,Choteau,Choteau Acantha,http://www.choteauacantha.com/
MT,Columbia Falls,Hungry Horse News,http://www.hungryhorsenews.com/
MT,Columbus,Stillwater County News,http://www.stillwatercountynews.com/
MT,Conrad,Independent-Observer,http://www.theindependentobserver.com/
MT,Cut Bank,Cut Bank Pioneer Press,http://www.cutbankpioneerpress.com/cut_bank_pioneer_press/
MT,Deer Lodge,Silver State Post,http://www.sspmt.com/
MT,Dillon,Dillon Tribune,http://www.dillontribune.com/
MT,Ennis,Ennis Madisonian,http://www.madisoniannews.com/
MT,Eureka,Tobacco Valley News,https://tobaccovalleynews.com/
MT,Fairfield,Fairfield Sun Times,http://www.fairfieldsuntimes.com/
MT,Fort Benton,Fort Benton River Press,http://www.riverpressnews.com/
MT,Glasgow,Glasgow Courier,http://www.glasgowcourier.com/
MT,Glendive,Ranger Review,http://www.rangerreview.com/
MT,Great Falls,Great Falls Tribune,http://www.greatfallstribune.com/
MT,Great Falls,Prairie Star,http://www.theprairiestar.com/
MT,Hamilton,Ravalli Republic,http://ravallirepublic.com/
MT,Hardin,Big Horn County News,http://www.bighorncountynews.com/
MT,Havre,Havre Daily News,http://www.havredailynews.com/
MT,Helena,Independent Record,http://helenair.com/
MT,Kalispell,Daily Inter Lake,http://www.dailyinterlake.com/
MT,Kalispell,Flathead Beacon,http://flatheadbeacon.com/
MT,Laurel,Laurel Outlook,http://www.laureloutlook.com/
MT,Lewistown,Lewistown News-Argus,http://www.lewistownnews.com/
MT,Libby,Western News,http://www.thewesternnews.com/
MT,Livingston,Livingston Enterprise,http://www.livingstonenterprise.com/
MT,Malta,Phillips County News,http://www.phillipscountynews.com/
MT,Miles City,Miles City Star,http://www.milescitystar.com/
MT,Missoula,Missoula Independent,http://missoulanews.bigskypress.com/
MT,Missoula,Missoulian,http://missoulian.com/
MT,Pablo,Char-Koosta News,http://www.charkoosta.com/
MT,Philipsburg,Philipsburg Mail,http://www.pburgmail.com/
MT,Plains,Clark Fork Valley Press,http://www.vp-mi.com/
MT,Polson,Lake County Leader,http://www.leaderadvertiser.com/
MT,Red Lodge,Carbon County News Online,http://carboncountynews.com/
MT,Red Lodge,Red Lodge Local Rag,http://localrag.com/
MT,Seeley Lake,Pathfinder,http://www.seeleylake.com/
MT,Shelby,Shelby Promoter,http://www.cutbankpioneerpress.com/shelby_promoter/
MT,Sidney,Sidney Herald-Leader,http://www.sidneyherald.com/
MT,Sidney,Sidney Roundup,http://www.roundupweb.com/
MT,Stevensville,Bitterroot Star,http://www.bitterrootstar.com/
MT,Terry,Terry Tribune,http://www.terrytribune.com/
MT,Thompson Falls,Sanders County Ledger,http://www.scledger.net/
MT,Valier,Valierian,http://www.cutbankpioneerpress.com/the_valierian/
MT,Whitefish,Whitefish Pilot,http://www.whitefishpilot.com/
MT,Whitehall,Whitehall Ledger,http://www.whitehallledger.com/
MT,Wolf Point,Wolf Point Herald,http://www.wolfpointherald.com/
