NE,Ainsworth,Ainsworth Star-Journal,http://www.ainsworthnews.com/
NE,Albion,Albion News,http://www.albionnewsonline.com/
NE,Alliance,Alliance Times-Herald,http://www.alliancetimes.com/
NE,Arapahoe,Arapahoe Public Mirror,http://arapahoemirror.org/
NE,Arnold,Arnold Sentinel,http://arnoldne.org/newspaper
NE,Ashland,Ashland Gazette,http://www.wahoo-ashland-waverly.com/
NE,Atkinson,Atkinson Graphic,http://www.atkinsongraphic.com/
NE,Aurora,Aurora News-Register,http://www.auroranewsregister.com/
NE,Beatrice,Daily Sun,http://beatricedailysun.com/
NE,Bellevue,Bellevue Leader,http://www.omaha.com/sarpy/bellevue/
NE,Blair,Pilot-Tribune & Enterprise,http://www.enterprisepub.com/
NE,Bridgeport,Bridgeport News-Blade,http://www.newsblade.com/
NE,Broken Bow,Custer County Chief,http://www.custercountychief.com/
NE,Cambridge,Clarion,http://www.cambridgeclarion.com/
NE,Chadron,Chadron Record,http://rapidcityjournal.com/news/local/communities/chadron/
NE,Clearwater,Clearwater Record-Ewing News,http://www.nelighnews.com/clearwater_ewing/
NE,Columbus,Columbus Telegram,http://www.columbustelegram.com/
NE,Cozad,Tri-City Tribune,http://www.tricitytrib.com/
NE,Creighton,Creighton News,http://www.creightonnews.com/
NE,Crofton,Crofton Journal,http://www.croftonjournal.com/
NE,David City,David City Banner-Press,http://columbustelegram.com/banner-press/
NE,Doniphan,Doniphan Herald,http://www.doniphanherald.com/
NE,Elgin,Elgin Review,http://www.elginreview.com/
NE,Elkhorn,Douglas County Post-Gazette,http://www.dcpostgazette.com/
NE,Fairbury,Fairbury Journal-News,http://www.fairburyjournalnews.com/
NE,Falls City,Falls City Journal,http://www.fcjournal.net/
NE,Fremont,Fremont Tribune,http://fremonttribune.com/
NE,Friend,Friend Sentinel,http://www.sewardindependent.com/friend/
NE,Geneva,Nebraska Signal,http://www.thenebraskasignal.com/
NE,Gering,Gering Citizen,http://www.geringcitizen.com/
NE,Gering,Gering Courier,http://www.starherald.com/gering/
NE,Gibbon,Gibbon Reporter,http://www.clipperpubco.com/index.php?option=com_content&view=article&id=8
NE,Gothenburg,Gothenburg Times,http://www.gothenburgtimes.com/
NE,Grand Island,Daily Independent,http://www.theindependent.com/
NE,Gretna,Gretna Breeze,http://www.omaha.com/sarpy/gretna/
NE,Gretna,Gretna Guide & News,http://www.dcpostgazette.com/gretnaguide/
NE,Hartington,Cedar County News,http://www.hartington.net/
NE,Hastings,Hastings Tribune,http://www.hastingstribune.com/
NE,Hebron,Hebron Journal-Register,http://www.hebronjournalregister.com/
NE,Hemingford,Hemingford Ledger,http://www.starherald.com/hemingford/
NE,Hickman,Hickman Voice News,http://www.voicenewsnebraska.com/
NE,Imperial,Imperial Republican,http://www.imperialrepublican.com/
NE,Kearney,Kearney Daily Hub,http://www.kearneyhub.com/
NE,Kimball,Western Nebraska Observer,http://www.westernnebraskaobserver.net/
NE,Lexington,Lexington Clipper-Herald,http://lexch.com/
NE,Lincoln,Lincoln Journal Star,http://journalstar.com/
NE,Lincoln,Neighborhood Extra,http://journalstar.com/niche/neighborhood-extra/
NE,McCook,McCook Daily Gazette,http://www.mccookgazette.com/
NE,Milford,Milford Times,http://www.sewardindependent.com/milford/
NE,Minden,Minden Courier,http://www.themindencourier.com/
NE,Mitchell,Mitchell Index,http://www.indexnewspaper.com/
NE,Nebraska City,News Press,http://www.ncnewspress.com/
NE,Neligh,News and Leader,http://www.nelighnews.com/
NE,Niobrara,Niobrara Tribune,http://www.niobraratribune.com/
NE,Norfolk,Norfolk Daily News,http://www.norfolkdailynews.com/
NE,North Bend,North Bend Eagle,http://www.northbendeagle.com/
NE,North Platte,North Platte Bulletin,http://www.northplattebulletin.com/
NE,North Platte,North Platte Telegraph,http://www.nptelegraph.com/
NE,O'Neill,Holt County Independent,http://www.holtindependent.com/
NE,Oakland,Oakland Independent,http://www.enterprisepub.com/burtcounty/
NE,Omaha,Midlands Business Journal,http://www.mbj.com/
NE,Omaha,Omaha Daily Record,http://www.omahadailyrecord.com/
NE,Omaha,Omaha Reader,http://www.thereader.com/
NE,Omaha,Omaha-World Herald,http://www.omaha.com/
NE,Oshkosh,Garden County News,http://www.gardencountynews.com/
NE,Papillion,Times,http://www.omaha.com/sarpy/papillion/
NE,Pawnee City,Pawnee Republican,http://pawneerepublican.com/
NE,Pender,Pender Times,http://www.penderthurston.com/
NE,Petersburg,Petersburg Press,http://www.albionnewsonline.com/category/petersburg-press/
NE,Plainview,Plainview News,http://www.theplainviewnews.com/
NE,Plattsmouth,Plattsmouth Journal,http://fremonttribune.com/cass-news/
NE,Ralston,Ralston Recorder,http://www.omaha.com/sarpy/ralston/
NE,Ravenna,Ravenna News,http://www.theravennanews.com/
NE,Scottsbluff,Business Farmer,http://www.thebusinessfarmer.com/
NE,Scottsbluff,Scottsbluff Star-Herald,http://www.starherald.com/
NE,Seward,Seward County Independent,http://www.sewardindependent.com/
NE,Shelton,Shelton Clipper,http://clipperpubco.com/index.php?option=com_content&view=article&id=9
NE,Sidney,Sidney Sun Telegraph,http://www.suntelegraph.com/
NE,South Sioux City,Dakota County Star,http://www.enterprisepub.com/dakotacountystar/
NE,Stromsburg,Polk County News,http://www.polkcountynewspaper.com/
NE,Superior,Superior Express,http://superiorne.com/
NE,Sutton,Clay County News,http://www.theclaycountynews.com/
NE,Syracuse,Syracuse Journal-Democrat,http://www.journaldemocrat.com/
NE,Tecumseh,Tecumseh Chieftain,http://www.tecumsehchieftain.com/
NE,Tekamah,Burt County Plaindealer,http://www.midwestmessenger.com/burt_county/
NE,Tekamah,Midwest Messenger,http://www.midwestmessenger.com/
NE,Valentine,Valentine Midland News,http://www.ainsworthnews.com/valentine-midland-news
NE,Wahoo,Wahoo Newspaper,http://www.wahoo-ashland-waverly.com/
NE,Wauneta,Wauneta Breeze,http://www.waunetabreeze.com/
NE,Waverly,News,http://www.wahoo-ashland-waverly.com/waverly/
NE,Wayne,Wayne Herald,http://www.mywaynenews.com/
NE,West Point,West Point News,http://www.wpnews.com/
NE,Wilber,Wilber Republican,http://www.sewardindependent.com/wilber/
NE,Wood River,Wood River Sunbeam,http://www.clipperpubco.com/index.php?option=com_content&view=article&id=10
NE,Wymore,Wymore Arbor State,http://www.wymorearborstate.com/
NE,York,News Times,http://www.yorknewstimes.com/
